"ocorrencia_id","evento_nome","tipo_evento","data_evento","dia_semana","hora_inicio","espaco_nome","distrito","regiao_sp","is_liberdade","data_hora_inicio"
"68b9a517-9f15-4195-5678-08de632b7395","Residência Artística - ""Marceu Silva"" na Casa de Cultura do Hip Hop Leste","Residência Artística / Pesquisa De Acervo","2026-02-03","Terça-feira","13:00","Casa de Cultura Municipal Hip Hop Leste","Cidade Tiradentes","Outra/Desconhecida","0","2026-02-03 13:00:00"
"ad136978-11b2-43c8-210c-08de78690b8e","Residência Artística - ""Larissa Gabriel"" na Casa de Cultura Cidade Ademar","Residência Artística / Pesquisa De Acervo","2026-03-03","Terça-feira","14:00","Casa de Cultura Cidade Ademar","Jardim Itacolomi","Outra/Desconhecida","0","2026-03-03 14:00:00"
"afe1776d-17b2-46c9-5679-08de632b7395","Residência Artística - ""Marceu Silva"" na Casa de Cultura do Hip Hop Leste","Residência Artística / Pesquisa De Acervo","2026-03-17","Terça-feira","13:00","Casa de Cultura Municipal Hip Hop Leste","Cidade Tiradentes","Outra/Desconhecida","0","2026-03-17 13:00:00"
"8a60b66d-88f1-44d0-b4b6-08de7ddf9d86","Cicero Alves Cordeiro","Residência Artística / Pesquisa De Acervo","2026-03-24","Terça-feira","13:00","Casa de Cultura Municipal São Miguel","Vila Pedroso","Outra/Desconhecida","0","2026-03-24 13:00:00"
"4909c28a-bdbb-4203-210d-08de78690b8e","Residência Artística - ""Larissa Gabriel"" na Casa de Cultura Cidade Ademar","Residência Artística / Pesquisa De Acervo","2026-04-14","Terça-feira","14:00","Casa de Cultura Cidade Ademar","Jardim Itacolomi","Outra/Desconhecida","0","2026-04-14 14:00:00"
"f48da3d7-7ee0-4a41-567a-08de632b7395","Residência Artística - ""Marceu Silva"" na Casa de Cultura do Hip Hop Leste","Residência Artística / Pesquisa De Acervo","2026-04-28","Terça-feira","13:00","Casa de Cultura Municipal Hip Hop Leste","Cidade Tiradentes","Outra/Desconhecida","0","2026-04-28 13:00:00"
"2e5aba7c-8f93-4f34-b4b7-08de7ddf9d86","Cicero Alves Cordeiro","Residência Artística / Pesquisa De Acervo","2026-05-05","Terça-feira","13:00","Casa de Cultura Municipal São Miguel","Vila Pedroso","Outra/Desconhecida","0","2026-05-05 13:00:00"
"33c08aaa-73c1-46fb-210e-08de78690b8e","Residência Artística - ""Larissa Gabriel"" na Casa de Cultura Cidade Ademar","Residência Artística / Pesquisa De Acervo","2026-05-26","Terça-feira","14:00","Casa de Cultura Cidade Ademar","Jardim Itacolomi","Outra/Desconhecida","0","2026-05-26 14:00:00"
"7a2d284b-4b38-40d2-567b-08de632b7395","Residência Artística - ""Marceu Silva"" na Casa de Cultura do Hip Hop Leste","Residência Artística / Pesquisa De Acervo","2026-06-09","Terça-feira","13:00","Casa de Cultura Municipal Hip Hop Leste","Cidade Tiradentes","Outra/Desconhecida","0","2026-06-09 13:00:00"
"f2da5173-95de-4660-b4b8-08de7ddf9d86","Cicero Alves Cordeiro","Residência Artística / Pesquisa De Acervo","2026-06-16","Terça-feira","13:00","Casa de Cultura Municipal São Miguel","Vila Pedroso","Outra/Desconhecida","0","2026-06-16 13:00:00"
"c4a44827-0074-4fb8-210f-08de78690b8e","Residência Artística - ""Larissa Gabriel"" na Casa de Cultura Cidade Ademar","Residência Artística / Pesquisa De Acervo","2026-07-07","Terça-feira","14:00","Casa de Cultura Cidade Ademar","Jardim Itacolomi","Outra/Desconhecida","0","2026-07-07 14:00:00"
"33f3f096-0103-48a6-416a-08dee11922b2","Longevidança Ballet 60+","Curso Teórico  - Vivencia Artístico Cultural","2026-07-14","Terça-feira","10:30","Sala de ensaio 1 - CCSP","Liberdade","Centro","1","2026-07-14 10:30:00"
"e31a7a6d-a5b0-4b9a-2f85-08dee2a78635","Dança, com Priscilla Paoli dos Santos","Curso Teórico  - Vivencia Artístico Cultural","2026-07-15","Quarta-feira","12:00","Sala Adoniran Barbosa - CCSP","Liberdade","Centro","1","2026-07-15 12:00:00"
"8266a829-977c-4dac-0a37-08dee8e271df","Sextou Samba Rock","Curso Teórico  - Vivencia Artístico Cultural","2026-07-17","Sexta-feira","19:30","Sala de ensaio 1 - CCSP","Liberdade","Centro","1","2026-07-17 19:30:00"
"2da26931-76ab-43ee-416b-08dee11922b2","Longevidança Ballet 60+","Curso Teórico  - Vivencia Artístico Cultural","2026-07-21","Terça-feira","10:30","Sala de ensaio 1 - CCSP","Liberdade","Centro","1","2026-07-21 10:30:00"
"9ac9d7db-bbe2-4701-567c-08de632b7395","Residência Artística - ""Marceu Silva"" na Casa de Cultura do Hip Hop Leste","Residência Artística / Pesquisa De Acervo","2026-07-21","Terça-feira","13:00","Casa de Cultura Municipal Hip Hop Leste","Cidade Tiradentes","Outra/Desconhecida","0","2026-07-21 13:00:00"
"76be90a4-40f0-4357-2f86-08dee2a78635","Dança, com Priscilla Paoli dos Santos","Curso Teórico  - Vivencia Artístico Cultural","2026-07-22","Quarta-feira","12:00","Sala Adoniran Barbosa - CCSP","Liberdade","Centro","1","2026-07-22 12:00:00"
"b647528e-f133-4fa8-0a38-08dee8e271df","Sextou Samba Rock","Curso Teórico  - Vivencia Artístico Cultural","2026-07-24","Sexta-feira","19:30","Sala de ensaio 1 - CCSP","Liberdade","Centro","1","2026-07-24 19:30:00"
"1e546d2c-8d49-40bd-416c-08dee11922b2","Longevidança Ballet 60+","Curso Teórico  - Vivencia Artístico Cultural","2026-07-28","Terça-feira","10:30","Sala de ensaio 1 - CCSP","Liberdade","Centro","1","2026-07-28 10:30:00"
"436ab125-9e4f-487f-b4b9-08de7ddf9d86","Cicero Alves Cordeiro","Residência Artística / Pesquisa De Acervo","2026-07-28","Terça-feira","13:00","Casa de Cultura Municipal São Miguel","Vila Pedroso","Outra/Desconhecida","0","2026-07-28 13:00:00"
"b63c8808-46ad-4965-2f87-08dee2a78635","Dança, com Priscilla Paoli dos Santos","Curso Teórico  - Vivencia Artístico Cultural","2026-07-29","Quarta-feira","12:00","Sala Adoniran Barbosa - CCSP","Liberdade","Centro","1","2026-07-29 12:00:00"
"011fedbc-927d-4d3b-0a39-08dee8e271df","Sextou Samba Rock","Curso Teórico  - Vivencia Artístico Cultural","2026-07-31","Sexta-feira","19:30","Sala de ensaio 1 - CCSP","Liberdade","Centro","1","2026-07-31 19:30:00"
"eedc853c-73ef-4028-53a0-08deee7d08f1","Sara Rosario","Residência Artística / Pesquisa De Acervo","2026-08-01","Sábado","14:00","Casa de Cultura Municipal São Rafael","Jardim Vera Cruz","Outra/Desconhecida","0","2026-08-01 14:00:00"
"de2420e8-5349-47e8-113f-08ded93fe7a1","Laboratório teórico de investigação em modelo vivo","Curso Teórico  - Vivencia Artístico Cultural","2026-08-01","Sábado","14:00","Chácara Lane - MCSP","Consolação","Centro","0","2026-08-01 14:00:00"
"7c0c5c29-4c1f-4cf5-416d-08dee11922b2","Longevidança Ballet 60+","Curso Teórico  - Vivencia Artístico Cultural","2026-08-04","Terça-feira","10:30","Sala de ensaio 1 - CCSP","Liberdade","Centro","1","2026-08-04 10:30:00"
"4efbe994-7000-462f-09ff-08dee8e271df","Ciclo II de Restauro e Marcenaria","Palestras E Debates","2026-08-05","Quarta-feira","09:00","Rua da Consolação, 94 - República, São Paulo - 01302000","Consolação","Centro","0","2026-08-05 09:00:00"
"8f545343-598f-4e54-ffaf-08def8952763","Curso Teórico Passinho Charme","Curso Teórico  - Vivencia Artístico Cultural","2026-08-06","Quinta-feira","19:30","Sala de ensaio 1 - CCSP","Liberdade","Centro","1","2026-08-06 19:30:00"
"1baf7928-a830-48e5-0a3a-08dee8e271df","Sextou Samba Rock","Curso Teórico  - Vivencia Artístico Cultural","2026-08-07","Sexta-feira","19:30","Sala de ensaio 1 - CCSP","Liberdade","Centro","1","2026-08-07 19:30:00"
"ab53d0ad-f420-442d-416e-08dee11922b2","Longevidança Ballet 60+","Curso Teórico  - Vivencia Artístico Cultural","2026-08-11","Terça-feira","10:30","Sala de ensaio 1 - CCSP","Liberdade","Centro","1","2026-08-11 10:30:00"
"541a632b-56df-4871-ffb0-08def8952763","Curso Teórico Passinho Charme","Curso Teórico  - Vivencia Artístico Cultural","2026-08-11","Terça-feira","19:30","Sala de ensaio 1 - CCSP","Liberdade","Centro","1","2026-08-11 19:30:00"
"e03b0133-7f01-4340-0a00-08dee8e271df","Ciclo II de Restauro e Marcenaria","Palestras E Debates","2026-08-12","Quarta-feira","09:00","Rua da Consolação, 94 - República, São Paulo - 01302000","Consolação","Centro","0","2026-08-12 09:00:00"
"339ef55f-6df3-4b34-2f88-08dee2a78635","Dança, com Priscilla Paoli dos Santos","Curso Teórico  - Vivencia Artístico Cultural","2026-08-12","Quarta-feira","12:00","Sala Adoniran Barbosa - CCSP","Liberdade","Centro","1","2026-08-12 12:00:00"
"046b08b2-c2a3-4afc-0a3b-08dee8e271df","Sextou Samba Rock","Curso Teórico  - Vivencia Artístico Cultural","2026-08-14","Sexta-feira","19:30","Sala de ensaio 1 - CCSP","Liberdade","Centro","1","2026-08-14 19:30:00"
"f4f627c4-18d7-4c5e-7c4c-08deee7cc0f7","Modelo vivo","Modelo Vivo","2026-08-15","Sábado","14:00","Chácara Lane - MCSP","Consolação","Centro","0","2026-08-15 14:00:00"
"ac86984b-c4ea-40f7-ff97-08def8952763","Festival do Patrimônio: Zeca Baleiro","Espetáculo Musical / Show","2026-08-16","Domingo","17:00","Palco São João","Centro","Outra/Desconhecida","0","2026-08-16 17:00:00"
"0fa64779-d453-401b-ffc0-08def8952763","Histórias em Xeque","Vivência Artístico Cultural","2026-08-18","Terça-feira","10:00","Biblioteca Pública Cassiano Ricardo","Tatuapé","ZL","0","2026-08-18 10:00:00"
"9feea652-b82c-461c-416f-08dee11922b2","Longevidança Ballet 60+","Curso Teórico  - Vivencia Artístico Cultural","2026-08-18","Terça-feira","10:30","Sala de ensaio 1 - CCSP","Liberdade","Centro","1","2026-08-18 10:30:00"
"a37dd974-97e5-4a41-2110-08de78690b8e","Residência Artística - ""Larissa Gabriel"" na Casa de Cultura Cidade Ademar","Residência Artística / Pesquisa De Acervo","2026-08-18","Terça-feira","14:00","Casa de Cultura Cidade Ademar","Jardim Itacolomi","Outra/Desconhecida","0","2026-08-18 14:00:00"
"e90697c2-7c8b-45d1-ffb1-08def8952763","Curso Teórico Passinho Charme","Curso Teórico  - Vivencia Artístico Cultural","2026-08-18","Terça-feira","19:30","Sala de ensaio 1 - CCSP","Liberdade","Centro","1","2026-08-18 19:30:00"
"8f59adef-9838-448d-0a01-08dee8e271df","Ciclo II de Restauro e Marcenaria","Palestras E Debates","2026-08-19","Quarta-feira","09:00","Rua da Consolação, 94 - República, São Paulo - 01302000","Consolação","Centro","0","2026-08-19 09:00:00"
"a48d1c81-324b-4937-2f89-08dee2a78635","Dança, com Priscilla Paoli dos Santos","Curso Teórico  - Vivencia Artístico Cultural","2026-08-19","Quarta-feira","12:00","Sala Adoniran Barbosa - CCSP","Liberdade","Centro","1","2026-08-19 12:00:00"
"8d8c8fe2-db23-4859-9c11-08defe2980fe","Thiago Faustino","Palestras E Debates","2026-08-19","Quarta-feira","13:00","Casa de Cultura Municipal Santo Amaro - Júlio Guerra","Santo Amaro","ZS","0","2026-08-19 13:00:00"
"3d434188-3a0a-4f17-9c12-08defe2980fe","Thiago Faustino","Palestras E Debates","2026-08-19","Quarta-feira","15:00","Casa de Cultura Municipal Santo Amaro - Júlio Guerra","Santo Amaro","ZS","0","2026-08-19 15:00:00"
"07b9f743-bb0f-42bc-ffbe-08def8952763","Histórias em Xeque","Vivência Artístico Cultural","2026-08-20","Quinta-feira","11:00","Biblioteca Pública Paulo Duarte (CCN)","Se","Centro","0","2026-08-20 11:00:00"
"fb179d2b-0d91-481e-2f8a-08dee2a78635","Dança, com Priscilla Paoli dos Santos","Curso Teórico  - Vivencia Artístico Cultural","2026-08-20","Quinta-feira","12:00","Sala Adoniran Barbosa - CCSP","Liberdade","Centro","1","2026-08-20 12:00:00"
"85cb8c25-56aa-4f13-56be-08df02209eb3","O Nariz Espetado no Chão","Teatro","2026-08-20","Quinta-feira","21:00","Sala Multiuso do Teatro Arthur Azevedo","Mooca","ZL","0","2026-08-20 21:00:00"
"ded03ba0-8459-4d39-0a3c-08dee8e271df","Sextou Samba Rock","Curso Teórico  - Vivencia Artístico Cultural","2026-08-21","Sexta-feira","10:30","Sala de ensaio 1 - CCSP","Liberdade","Centro","1","2026-08-21 10:30:00"
"5c2bd6fa-e107-46b4-56ed-08df02209eb3","Comunicação de Eventos Culturais: do Planejamento à Memória","Palestras E Debates","2026-08-21","Sexta-feira","13:00","Casa de Cultura Municipal do Butantã","Jardim Peri Peri","Outra/Desconhecida","0","2026-08-21 13:00:00"
"afc818f1-284c-4554-56ee-08df02209eb3","Comunicação de Eventos Culturais: do Planejamento à Memória","Palestras E Debates","2026-08-21","Sexta-feira","15:00","Casa de Cultura Municipal do Butantã","Jardim Peri Peri","Outra/Desconhecida","0","2026-08-21 15:00:00"
"d46ff080-ecb0-472a-56ef-08df02209eb3","Comunicação de Eventos Culturais: do Planejamento à Memória","Palestras E Debates","2026-08-21","Sexta-feira","17:00","Casa de Cultura Municipal do Butantã","Jardim Peri Peri","Outra/Desconhecida","0","2026-08-21 17:00:00"
"5bc3b1ae-467b-4fca-56bf-08df02209eb3","O Nariz Espetado no Chão","Teatro","2026-08-21","Sexta-feira","21:00","Sala Multiuso do Teatro Arthur Azevedo","Mooca","ZL","0","2026-08-21 21:00:00"
"9d82cc89-9272-4032-7c4d-08deee7cc0f7","Modelo vivo","Modelo Vivo","2026-08-22","Sábado","14:00","Chácara Lane - MCSP","Consolação","Centro","0","2026-08-22 14:00:00"
"dd12d3a0-46fc-49e7-56c0-08df02209eb3","O Nariz Espetado no Chão","Teatro","2026-08-22","Sábado","21:00","Sala Multiuso do Teatro Arthur Azevedo","Mooca","ZL","0","2026-08-22 21:00:00"
"19e0dffd-54bc-4efc-56c1-08df02209eb3","O Nariz Espetado no Chão","Teatro","2026-08-23","Domingo","18:00","Sala Multiuso do Teatro Arthur Azevedo","Mooca","ZL","0","2026-08-23 18:00:00"
"030fa5b4-e3cc-40bb-ffbc-08def8952763","Histórias em Xeque","Vivência Artístico Cultural","2026-08-24","Segunda-feira","14:00","Biblioteca Pública Municipal Rubens Borba Alves de Moraes","Jardim Matarazzo","Outra/Desconhecida","0","2026-08-24 14:00:00"
"9cda0986-8686-41ac-ffc1-08def8952763","Histórias em Xeque","Vivência Artístico Cultural","2026-08-25","Terça-feira","10:00","Biblioteca Pública Cassiano Ricardo","Tatuapé","ZL","0","2026-08-25 10:00:00"
"ab3cd6f8-ad8e-4194-0a02-08dee8e271df","Ciclo II de Restauro e Marcenaria","Palestras E Debates","2026-08-26","Quarta-feira","09:00","Rua da Consolação, 94 - República, São Paulo - 01302000","Consolação","Centro","0","2026-08-26 09:00:00"
"eff44e62-566b-458a-2f8b-08dee2a78635","Dança, com Priscilla Paoli dos Santos","Curso Teórico  - Vivencia Artístico Cultural","2026-08-27","Quinta-feira","12:00","Sala Adoniran Barbosa - CCSP","Liberdade","Centro","1","2026-08-27 12:00:00"
"f0316f32-16fa-4fd6-7c51-08deee7cc0f7","Coco do Pajé","Espetáculo Musical / Show","2026-08-27","Quinta-feira","14:00","Biblioteca Álvaro Guerra","Pinheiros","ZS","0","2026-08-27 14:00:00"
"30e5febb-fa3d-43de-ffbf-08def8952763","Histórias em Xeque","Vivência Artístico Cultural","2026-08-27","Quinta-feira","14:00","Biblioteca Pública Paulo Duarte (CCN)","Se","Centro","0","2026-08-27 14:00:00"
"5d92f4f8-91fb-4249-7c7a-08deee7cc0f7","Da Teoria à Vivência: Funk é Cultura","Palestras E Debates","2026-08-27","Quinta-feira","15:00","Biblioteca Pública Milton Santos","Aricanduva","ZL","0","2026-08-27 15:00:00"
"451285a0-83bd-405d-b989-08def8960f4b","Da Teoria à Vivência: Funk é Cultura Vinaum","Palestras E Debates","2026-08-27","Quinta-feira","15:00","Biblioteca Pública Milton Santos","Aricanduva","ZL","0","2026-08-27 15:00:00"
"9a07da14-be56-4ff4-d68b-08defe29698d","Da Teoria à Vivência: Funk é Cultura com Ktrine","Palestras E Debates","2026-08-27","Quinta-feira","15:00","Biblioteca Pública Milton Santos","Aricanduva","ZL","0","2026-08-27 15:00:00"
"ceacb6d5-1a25-4f17-7c7b-08deee7cc0f7","Da Teoria à Vivência: Funk é Cultura","Palestras E Debates","2026-08-27","Quinta-feira","17:00","Biblioteca Pública Milton Santos","Aricanduva","ZL","0","2026-08-27 17:00:00"
"a1d1e758-a0c9-41cb-ffb2-08def8952763","Curso Teórico Passinho Charme","Curso Teórico  - Vivencia Artístico Cultural","2026-08-27","Quinta-feira","19:30","Sala de ensaio 1 - CCSP","Liberdade","Centro","1","2026-08-27 19:30:00"
"9a4cb5a3-5736-40ac-56c2-08df02209eb3","O Nariz Espetado no Chão","Teatro","2026-08-27","Quinta-feira","21:00","Sala Multiuso do Teatro Arthur Azevedo","Mooca","ZL","0","2026-08-27 21:00:00"
"40f0b30d-360f-4f9c-7c52-08deee7cc0f7","Coco do Pajé","Espetáculo Musical / Show","2026-08-28","Sexta-feira","14:00","Biblioteca Camila Cerqueira César","Butantã","ZO","0","2026-08-28 14:00:00"
"e2502184-a2a0-47fe-0a3d-08dee8e271df","Sextou Samba Rock","Curso Teórico  - Vivencia Artístico Cultural","2026-08-28","Sexta-feira","19:30","Sala de ensaio 1 - CCSP","Liberdade","Centro","1","2026-08-28 19:30:00"
"2e71d764-8d67-4a4e-56c3-08df02209eb3","O Nariz Espetado no Chão","Teatro","2026-08-28","Sexta-feira","21:00","Sala Multiuso do Teatro Arthur Azevedo","Mooca","ZL","0","2026-08-28 21:00:00"
"c82e6988-554c-4bc2-56c4-08df02209eb3","O Nariz Espetado no Chão","Teatro","2026-08-29","Sábado","21:00","Sala Multiuso do Teatro Arthur Azevedo","Mooca","ZL","0","2026-08-29 21:00:00"
"96ffd963-8a99-4dc5-56c5-08df02209eb3","O Nariz Espetado no Chão","Teatro","2026-08-30","Domingo","18:00","Sala Multiuso do Teatro Arthur Azevedo","Mooca","ZL","0","2026-08-30 18:00:00"
"e76f330e-15e8-46d7-ff7a-08def8952763","Picadeiro Aberto - Edição Agosto 2026","Intervenção Artística","2026-08-31","Segunda-feira","13:00","Centro de Memória do Circo","Centro Histórico De São Paulo","Outra/Desconhecida","0","2026-08-31 13:00:00"
"021ad596-8f9b-4d43-7c53-08deee7cc0f7","Coco do Pajé","Espetáculo Musical / Show","2026-08-31","Segunda-feira","14:00","Biblioteca Pública Municipal Anne Frank","Itaim Bibi","ZS","0","2026-08-31 14:00:00"
"a8ae44ac-3d02-4767-ffbd-08def8952763","Histórias em Xeque","Vivência Artístico Cultural","2026-08-31","Segunda-feira","14:00","Biblioteca Pública Municipal Rubens Borba Alves de Moraes","Jardim Matarazzo","Outra/Desconhecida","0","2026-08-31 14:00:00"
"a4a41ef8-923b-402e-ff7b-08def8952763","Picadeiro Aberto - Edição Agosto 2026","Intervenção Artística","2026-08-31","Segunda-feira","15:00","Centro de Memória do Circo","Centro Histórico De São Paulo","Outra/Desconhecida","0","2026-08-31 15:00:00"
"4e04e563-be46-444c-ff7c-08def8952763","Picadeiro Aberto - Edição Agosto 2026","Intervenção Artística","2026-08-31","Segunda-feira","17:00","Centro de Memória do Circo","Centro Histórico De São Paulo","Outra/Desconhecida","0","2026-08-31 17:00:00"
"64551619-fd69-4659-ffb7-08def8952763","Maciel Salú - Baile de Rabeca","Espetáculo Musical / Show","2026-08-31","Segunda-feira","19:00","Rua da Consolação, 94 - República, São Paulo - 01302000","Consolação","Centro","0","2026-08-31 19:00:00"
"09478427-f1cb-48aa-ffa7-08def8952763","Onírica","Exposição","2026-09-01","Terça-feira","09:00","Centro de Formação Cultural Cidade Tiradentes","Jardim Pérola Ii","Outra/Desconhecida","0","2026-09-01 09:00:00"
"5508911a-cbad-476a-56b3-08df02209eb3","Idiossincrasias Naturais","Exposição","2026-09-01","Terça-feira","09:00","Casa de Cultura Municipal Hip Hop Leste","Cidade Tiradentes","Outra/Desconhecida","0","2026-09-01 09:00:00"
"afb4fdd5-9660-4d5a-4170-08dee11922b2","Longevidança Ballet 60+","Curso Teórico  - Vivencia Artístico Cultural","2026-09-01","Terça-feira","10:30","Sala de ensaio 1 - CCSP","Liberdade","Centro","1","2026-09-01 10:30:00"
"72a1ab15-cbb6-4d26-567d-08de632b7395","Residência Artística - ""Marceu Silva"" na Casa de Cultura do Hip Hop Leste","Residência Artística / Pesquisa De Acervo","2026-09-01","Terça-feira","13:00","Casa de Cultura Municipal Hip Hop Leste","Cidade Tiradentes","Outra/Desconhecida","0","2026-09-01 13:00:00"
"311e5ab3-0689-4c38-9c13-08defe2980fe","Thiago Faustino","Palestras E Debates","2026-09-01","Terça-feira","13:00","Casa de Cultura Municipal M'Boi Mirim","Socorro","ZS","0","2026-09-01 13:00:00"
"5965fff3-17cb-4b8e-56f0-08df02209eb3","Comunicação de Eventos Culturais: do Planejamento à Memória","Palestras E Debates","2026-09-01","Terça-feira","13:00","Casa de Cultura Municipal Itaim Paulista","Vila Silva Teles","Outra/Desconhecida","0","2026-09-01 13:00:00"
"a1259224-99c9-4429-53a1-08deee7d08f1","Sara Rosario","Residência Artística / Pesquisa De Acervo","2026-09-01","Terça-feira","14:00","Casa de Cultura Municipal São Rafael","Jardim Vera Cruz","Outra/Desconhecida","0","2026-09-01 14:00:00"
"c45a1a2e-f90f-4bcf-9c14-08defe2980fe","Thiago Faustino","Palestras E Debates","2026-09-01","Terça-feira","15:00","Casa de Cultura Municipal M'Boi Mirim","Socorro","ZS","0","2026-09-01 15:00:00"
"e08dde4b-61b9-4254-56f1-08df02209eb3","Comunicação de Eventos Culturais: do Planejamento à Memória","Palestras E Debates","2026-09-01","Terça-feira","15:00","Casa de Cultura Municipal Itaim Paulista","Vila Silva Teles","Outra/Desconhecida","0","2026-09-01 15:00:00"
"142c6619-6410-4419-56f2-08df02209eb3","Comunicação de Eventos Culturais: do Planejamento à Memória","Palestras E Debates","2026-09-01","Terça-feira","17:00","Casa de Cultura Municipal Itaim Paulista","Vila Silva Teles","Outra/Desconhecida","0","2026-09-01 17:00:00"
"53736b6f-3a3f-49ec-41c4-08df02205664","Bainha","Teatro","2026-09-01","Terça-feira","19:30","Espaço Cênico Ademar Guerra- CCSP","Liberdade","Centro","1","2026-09-01 19:30:00"
"ed9c38a2-d383-4467-0a03-08dee8e271df","Ciclo II de Restauro e Marcenaria","Palestras E Debates","2026-09-02","Quarta-feira","09:00","Rua da Consolação, 94 - República, São Paulo - 01302000","Consolação","Centro","0","2026-09-02 09:00:00"
"5a1605b4-3ae8-46ab-2f8c-08dee2a78635","Dança, com Priscilla Paoli dos Santos","Curso Teórico  - Vivencia Artístico Cultural","2026-09-02","Quarta-feira","12:00","Sala Adoniran Barbosa - CCSP","Liberdade","Centro","1","2026-09-02 12:00:00"
"4cea51bc-5d5d-4f09-41c5-08df02205664","Bainha","Teatro","2026-09-02","Quarta-feira","19:30","Espaço Cênico Ademar Guerra- CCSP","Liberdade","Centro","1","2026-09-02 19:30:00"
"01a9a238-375a-418d-41db-08df02205664","Palestra sobre o filme Mulheres Artista: Subvertendo a Submissão","Palestras E Debates","2026-09-02","Quarta-feira","20:00","Rua da Consolação, 94 - República, São Paulo - 01302000","Consolação","Centro","0","2026-09-02 20:00:00"
"88f83381-9df2-4fd0-56d8-08df02209eb3","DJ Zeme","Palestras E Debates","2026-09-03","Quinta-feira","14:00","Casa de Cultura Municipal do Butantã","Jardim Peri Peri","Outra/Desconhecida","0","2026-09-03 14:00:00"
"2f52f85c-5caa-49f3-41c6-08df02205664","Bainha","Teatro","2026-09-03","Quinta-feira","19:30","Espaço Cênico Ademar Guerra- CCSP","Liberdade","Centro","1","2026-09-03 19:30:00"
"9be8c385-511d-48b3-ffb3-08def8952763","Curso Teórico Passinho Charme","Curso Teórico  - Vivencia Artístico Cultural","2026-09-03","Quinta-feira","19:30","Sala de ensaio 1 - CCSP","Liberdade","Centro","1","2026-09-03 19:30:00"
"810c8038-e839-4dbd-56c6-08df02209eb3","O Nariz Espetado no Chão","Teatro","2026-09-03","Quinta-feira","21:00","Sala Multiuso do Teatro Arthur Azevedo","Mooca","ZL","0","2026-09-03 21:00:00"
"90a9766f-069d-4db0-b97d-08def8960f4b","Ziraldo, Palhaços e Histórias - Grupo Bota Fulô","Contação De Histórias","2026-09-04","Sexta-feira","10:00","Centro Cultural Santo Amaro","Santo Amaro","ZS","0","2026-09-04 10:00:00"
"c9bb995c-8479-4cc9-b99e-08def8960f4b","Udub 420 Session & Amplification","Espetáculo Musical/Show","2026-09-04","Sexta-feira","12:30","Rua da Consolação, 94 - República, São Paulo - 01302000","Consolação","Centro","0","2026-09-04 12:30:00"
"cad7c4b0-911f-4edb-b98e-08def8960f4b","Dj Daniel Juca","Espetáculo Musical/Show","2026-09-04","Sexta-feira","13:30","Rua da Consolação, 94 - República, São Paulo - 01302000","Consolação","Centro","0","2026-09-04 13:30:00"
"b89f44f5-810f-4374-9c28-08defe2980fe","Mágico Lira","Performance","2026-09-04","Sexta-feira","14:00","Casa de Cultura Municipal do Campo Limpo - Dora Nascimento","Jardim Bom Refúgio","Outra/Desconhecida","0","2026-09-04 14:00:00"
"283872ea-6464-4126-b97e-08def8960f4b","Ziraldo, Palhaços e Histórias - Grupo Bota Fulô","Contação De Histórias","2026-09-04","Sexta-feira","15:00","Centro Cultural Santo Amaro","Santo Amaro","ZS","0","2026-09-04 15:00:00"
"f7b43766-6d1f-4402-ffce-08def8952763","História em Quadrinhos","Palestras E Debates","2026-09-04","Sexta-feira","17:00","Rua da Consolação, 94 - República, São Paulo - 01302000","Consolação","Centro","0","2026-09-04 17:00:00"
"fe62159a-ad9c-4abb-ffcf-08def8952763","História em Quadrinhos","Palestras E Debates","2026-09-04","Sexta-feira","19:00","Rua da Consolação, 94 - República, São Paulo - 01302000","Consolação","Centro","0","2026-09-04 19:00:00"
"5f0e3559-bc41-4e83-d6a2-08defe29698d","Mediação - HQ | Pindaíba Sound System - mediação de bate-papo","Palestras E Debates","2026-09-04","Sexta-feira","19:00","Rua da Consolação, 94 - República, São Paulo - 01302000","Consolação","Centro","0","2026-09-04 19:00:00"
"8b9b8881-d99c-467d-41c7-08df02205664","Bainha","Teatro","2026-09-04","Sexta-feira","19:30","Espaço Cênico Ademar Guerra- CCSP","Liberdade","Centro","1","2026-09-04 19:30:00"
"c616bb85-de2b-49e0-0a3e-08dee8e271df","Sextou Samba Rock","Curso Teórico  - Vivencia Artístico Cultural","2026-09-04","Sexta-feira","19:30","Sala de ensaio 1 - CCSP","Liberdade","Centro","1","2026-09-04 19:30:00"
"f1ec8b95-8549-44f1-56c7-08df02209eb3","O Nariz Espetado no Chão","Teatro","2026-09-04","Sexta-feira","21:00","Sala Multiuso do Teatro Arthur Azevedo","Mooca","ZL","0","2026-09-04 21:00:00"
"fbe2ed28-73e5-4f9e-b988-08def8960f4b","Favela Raw","Exposição","2026-09-05","Sábado","00:00","Centro Cultural Grajaú","Parque América","Outra/Desconhecida","0","2026-09-05 00:00:00"
"11160656-9da3-49e9-41df-08df02205664","A princesa e o príncipe, contra a bruxa que destrói o meio ambiente","Teatro Infanto-Juvenil","2026-09-05","Sábado","12:00","Casa de Cultura Municipal São Miguel","Vila Pedroso","Outra/Desconhecida","0","2026-09-05 12:00:00"
"5d467933-f6ce-4818-ff88-08def8952763","Videoclipe Antes do Rec","Curso Teórico  - Vivencia Artístico Cultural","2026-09-05","Sábado","13:30","Museu da Cidade de São Paulo / Solar da Marquesa de Santos","Se","Centro","0","2026-09-05 13:30:00"
"1a1e9e83-0da5-459a-7c4e-08deee7cc0f7","Modelo vivo","Modelo Vivo","2026-09-05","Sábado","14:00","Chácara Lane - MCSP","Consolação","Centro","0","2026-09-05 14:00:00"
"f2f91404-2cc8-4b5d-56e0-08df02209eb3","[Bala_vras] - Poesia ao vivo","Sarau","2026-09-05","Sábado","14:00","Av. Olavo Fontoura, 1209 - Parque Anhembi - São Paulo - SP, 02510-000.","Vila Baruel","Outra/Desconhecida","0","2026-09-05 14:00:00"
"b9049131-3b17-4ea8-b9a2-08def8960f4b","Sambossa Groove Show","Espetáculo Musical / Show","2026-09-05","Sábado","15:00","Casa de Cultura Municipal Santo Amaro - Júlio Guerra","Santo Amaro","ZS","0","2026-09-05 15:00:00"
"55670566-5b5a-4961-9c2f-08defe2980fe","Alexandre Cuba - Carreira Solo","Espetáculo Musical/Show","2026-09-05","Sábado","16:00","Centro Cultural Santo Amaro","Santo Amaro","ZS","0","2026-09-05 16:00:00"
"3f696fcc-f96d-4b64-41d8-08df02205664","Grace Groove","Espetáculo Musical / Show","2026-09-05","Sábado","18:00","Casa de Cultura Municipal São Rafael","Jardim Vera Cruz","Outra/Desconhecida","0","2026-09-05 18:00:00"
"5f2195d8-5023-4f77-56e5-08df02209eb3","Sons da Colina","Intervenção Artística Musical","2026-09-05","Sábado","18:30","Centro Cultural da Penha","Penha","ZL","0","2026-09-05 18:30:00"
"0c0772e3-a126-4ac9-d68e-08defe29698d","Nascimento – Bloco Maria Maria em Homenagem a Milton Nascimento","Espetáculo Musical / Show","2026-09-05","Sábado","19:00","Centro Cultural Vila Itororó","Bela Vista","Centro","0","2026-09-05 19:00:00"
"d02c9bc2-4b33-4100-56c8-08df02209eb3","O Nariz Espetado no Chão","Teatro","2026-09-05","Sábado","21:00","Sala Multiuso do Teatro Arthur Azevedo","Mooca","ZL","0","2026-09-05 21:00:00"
"24559efe-4b71-4966-b9bd-08def8960f4b","Mamãe Travesti","Exposição","2026-09-06","Domingo","09:00","Centro de Formação Cultural Cidade Tiradentes","Jardim Pérola Ii","Outra/Desconhecida","0","2026-09-06 09:00:00"
"fab539b7-4b1f-465b-56e1-08df02209eb3","[Bala_vras] - Poesia ao vivo","Sarau","2026-09-06","Domingo","13:00","Av. Olavo Fontoura, 1209 - Parque Anhembi - São Paulo - SP, 02510-000.","Vila Baruel","Outra/Desconhecida","0","2026-09-06 13:00:00"
"b3a9e18a-dca6-4a7d-56e8-08df02209eb3","Ritmo de Rua","Espetáculo Musical / Show","2026-09-06","Domingo","15:00","Casa de Cultura Municipal São Miguel","Vila Pedroso","Outra/Desconhecida","0","2026-09-06 15:00:00"
"ee83c723-d289-40bc-9be4-08defe2980fe","Aplausos e Vaias","Espetáculo De Circo","2026-09-06","Domingo","16:00","Teatro Flávio Império","Cangaíba","ZL","0","2026-09-06 16:00:00"
"6e89edca-1dd8-416c-56c9-08df02209eb3","O Nariz Espetado no Chão","Teatro","2026-09-06","Domingo","18:00","Sala Multiuso do Teatro Arthur Azevedo","Mooca","ZL","0","2026-09-06 18:00:00"
"c78dd2cc-d60f-4ec0-4171-08dee11922b2","Longevidança Ballet 60+","Curso Teórico  - Vivencia Artístico Cultural","2026-09-08","Terça-feira","10:30","Sala de ensaio 1 - CCSP","Liberdade","Centro","1","2026-09-08 10:30:00"
"bb7d271d-796a-44a2-56f3-08df02209eb3","Comunicação de Eventos Culturais: do Planejamento à Memória","Palestras E Debates","2026-09-08","Terça-feira","13:00","Casa de Cultura Municipal Vila Guilherme - Casarão","Vila Guilherme","ZN","0","2026-09-08 13:00:00"
"a7b6fe28-0463-4438-b4ba-08de7ddf9d86","Cicero Alves Cordeiro","Residência Artística / Pesquisa De Acervo","2026-09-08","Terça-feira","13:00","Casa de Cultura Municipal São Miguel","Vila Pedroso","Outra/Desconhecida","0","2026-09-08 13:00:00"
"5744529c-e5fe-47a3-56f4-08df02209eb3","Comunicação de Eventos Culturais: do Planejamento à Memória","Palestras E Debates","2026-09-08","Terça-feira","15:00","Casa de Cultura Municipal Vila Guilherme - Casarão","Vila Guilherme","ZN","0","2026-09-08 15:00:00"
"897dd49c-1f26-4ac0-41b8-08df02205664","11ª Festa Literária de Cidade Tiradentes - FLICT","Recital De Poesia E Literatura","2026-09-09","Quarta-feira","10:00","Centro de Formação  Cultural Cidade Tiradentes","Jardim Pérola Ii","Outra/Desconhecida","0","2026-09-09 10:00:00"
"aba4bd8c-70f5-4c5f-56f6-08df02209eb3","Velas Artesanais: Ilumine a Sua Criatividade","Palestras E Debates","2026-09-09","Quarta-feira","11:00","Casa de Cultura Municipal Santo Amaro - Júlio Guerra","Santo Amaro","ZS","0","2026-09-09 11:00:00"
"7e23c821-7b6d-4fb9-41b9-08df02205664","11ª Festa Literária de Cidade Tiradentes - FLICT","Recital De Poesia E Literatura","2026-09-09","Quarta-feira","12:00","Centro de Formação  Cultural Cidade Tiradentes","Jardim Pérola Ii","Outra/Desconhecida","0","2026-09-09 12:00:00"
"199d5e29-fea7-4478-ffc2-08def8952763","Histórias em Xeque","Vivência Artístico Cultural","2026-09-09","Quarta-feira","14:00","Biblioteca José Paulo Paes","Penha","ZL","0","2026-09-09 14:00:00"
"d5eb75fc-9e50-4325-41ba-08df02205664","11ª Festa Literária de Cidade Tiradentes - FLICT","Recital De Poesia E Literatura","2026-09-09","Quarta-feira","14:00","Centro de Formação  Cultural Cidade Tiradentes","Jardim Pérola Ii","Outra/Desconhecida","0","2026-09-09 14:00:00"
"b6e53d55-bc0a-4a8f-41bb-08df02205664","11ª Festa Literária de Cidade Tiradentes - FLICT","Recital De Poesia E Literatura","2026-09-10","Quinta-feira","09:00","Centro de Formação  Cultural Cidade Tiradentes","Jardim Pérola Ii","Outra/Desconhecida","0","2026-09-10 09:00:00"
"d0cae0ff-ea69-41df-56bb-08df02209eb3","Jardim dos sentidos: cantigas e sensações do brincar","Espetáculo Musical / Show","2026-09-10","Quinta-feira","10:00","Centro de Formação Cultural Cidade Tiradentes","Jardim Pérola Ii","Outra/Desconhecida","0","2026-09-10 10:00:00"
"7cec1763-e778-4aa0-2f8d-08dee2a78635","Dança, com Priscilla Paoli dos Santos","Curso Teórico  - Vivencia Artístico Cultural","2026-09-10","Quinta-feira","12:00","Sala Adoniran Barbosa - CCSP","Liberdade","Centro","1","2026-09-10 12:00:00"
"bfb2eedf-0adf-497d-41bc-08df02205664","11ª Festa Literária de Cidade Tiradentes - FLICT","Recital De Poesia E Literatura","2026-09-10","Quinta-feira","12:00","Centro de Formação  Cultural Cidade Tiradentes","Jardim Pérola Ii","Outra/Desconhecida","0","2026-09-10 12:00:00"
"af5d6bea-b99f-4b59-56d9-08df02209eb3","DJ Zeme","Palestras E Debates","2026-09-10","Quinta-feira","14:00","Casa de Cultura Municipal do Butantã","Jardim Peri Peri","Outra/Desconhecida","0","2026-09-10 14:00:00"
"029279e1-5ddc-4da0-41bd-08df02205664","11ª Festa Literária de Cidade Tiradentes - FLICT","Recital De Poesia E Literatura","2026-09-10","Quinta-feira","14:00","Centro de Formação  Cultural Cidade Tiradentes","Jardim Pérola Ii","Outra/Desconhecida","0","2026-09-10 14:00:00"
"6f855503-a620-415b-7c78-08deee7cc0f7","Da Teoria à Vivência: Funk é Cultura","Palestras E Debates","2026-09-10","Quinta-feira","15:00","Biblioteca Pública Municipal Brito Broca","Jardim Santo Elias","Outra/Desconhecida","0","2026-09-10 15:00:00"
"61710342-dc13-43b6-b98a-08def8960f4b","Da Teoria à Vivência: Funk é Cultura Vinaum","Palestras E Debates","2026-09-10","Quinta-feira","15:00","Biblioteca Pública Municipal Brito Broca","Jardim Santo Elias","Outra/Desconhecida","0","2026-09-10 15:00:00"
"233cee0c-6f1c-445a-d68a-08defe29698d","Da Teoria à Vivência: Funk é Cultura com Ktrine","Palestras E Debates","2026-09-10","Quinta-feira","15:00","Biblioteca Pública Municipal Brito Broca","Jardim Santo Elias","Outra/Desconhecida","0","2026-09-10 15:00:00"
"f9ca9cdf-b0c8-4285-7c79-08deee7cc0f7","Da Teoria à Vivência: Funk é Cultura","Palestras E Debates","2026-09-10","Quinta-feira","17:00","Biblioteca Pública Municipal Brito Broca","Jardim Santo Elias","Outra/Desconhecida","0","2026-09-10 17:00:00"
"46e46645-6f0e-4f67-41b4-08df02205664","Cine Concerto - Nosferatu (1922)","Concerto","2026-09-10","Quinta-feira","19:00","Rua da Consolação, 94 - República, São Paulo - 01302000","Consolação","Centro","0","2026-09-10 19:00:00"
"adc053d1-b8c8-4aba-ffb4-08def8952763","Curso Teórico Passinho Charme","Curso Teórico  - Vivencia Artístico Cultural","2026-09-10","Quinta-feira","19:30","Sala de ensaio 1 - CCSP","Liberdade","Centro","1","2026-09-10 19:30:00"
"af0c277a-bd9e-4e10-56ca-08df02209eb3","O Nariz Espetado no Chão","Teatro","2026-09-10","Quinta-feira","21:00","Sala Multiuso do Teatro Arthur Azevedo","Mooca","ZL","0","2026-09-10 21:00:00"
"d6bb2d87-a883-4d61-41be-08df02205664","11ª Festa Literária de Cidade Tiradentes - FLICT","Recital De Poesia E Literatura","2026-09-11","Sexta-feira","10:00","Centro de Formação  Cultural Cidade Tiradentes","Jardim Pérola Ii","Outra/Desconhecida","0","2026-09-11 10:00:00"
"0a8b919f-caef-49e5-41bf-08df02205664","11ª Festa Literária de Cidade Tiradentes - FLICT","Recital De Poesia E Literatura","2026-09-11","Sexta-feira","12:00","Centro de Formação  Cultural Cidade Tiradentes","Jardim Pérola Ii","Outra/Desconhecida","0","2026-09-11 12:00:00"
"f185d638-a966-4a0b-41c0-08df02205664","11ª Festa Literária de Cidade Tiradentes - FLICT","Recital De Poesia E Literatura","2026-09-11","Sexta-feira","14:00","Centro de Formação  Cultural Cidade Tiradentes","Jardim Pérola Ii","Outra/Desconhecida","0","2026-09-11 14:00:00"
"30252eca-2f2d-4e71-d6a6-08defe29698d","Binho Ribeiro - Vibra","Espetáculo Musical / Show","2026-09-11","Sexta-feira","19:00","Centro Cultural Vila Itororó","Bela Vista","Centro","0","2026-09-11 19:00:00"
"ec7c1d29-3fa6-47bc-0a3f-08dee8e271df","Sextou Samba Rock","Curso Teórico  - Vivencia Artístico Cultural","2026-09-11","Sexta-feira","19:30","Sala de ensaio 1 - CCSP","Liberdade","Centro","1","2026-09-11 19:30:00"
"42fcf825-c9de-4c4d-56cb-08df02209eb3","O Nariz Espetado no Chão","Teatro","2026-09-11","Sexta-feira","21:00","Sala Multiuso do Teatro Arthur Azevedo","Mooca","ZL","0","2026-09-11 21:00:00"
"3283dd6e-e1bb-4a5c-41c1-08df02205664","11ª Festa Literária de Cidade Tiradentes - FLICT","Recital De Poesia E Literatura","2026-09-12","Sábado","10:00","Centro de Formação  Cultural Cidade Tiradentes","Jardim Pérola Ii","Outra/Desconhecida","0","2026-09-12 10:00:00"
"3489fefa-3d95-4680-41c2-08df02205664","11ª Festa Literária de Cidade Tiradentes - FLICT","Recital De Poesia E Literatura","2026-09-12","Sábado","12:00","Centro de Formação  Cultural Cidade Tiradentes","Jardim Pérola Ii","Outra/Desconhecida","0","2026-09-12 12:00:00"
"c15636c9-47b7-4685-d68f-08defe29698d","Dinho Oliveira","Espetáculo Musical/Show","2026-09-12","Sábado","16:00","Casa de Cultura Municipal do Campo Limpo - Dora Nascimento","Jardim Bom Refúgio","Outra/Desconhecida","0","2026-09-12 16:00:00"
"466db6b1-853c-4040-41de-08df02205664","Sons na Colina - JP Electric Bass Trio - Bill Brazil","Espetáculo Musical / Show","2026-09-12","Sábado","18:30","Centro Cultural da Penha","Penha","ZL","0","2026-09-12 18:30:00"
"150d5e48-9dc1-4bf8-56e3-08df02209eb3","Ana Flor de Carvalho","Espetáculo Musical / Show","2026-09-12","Sábado","19:00","Centro Cultural Vila Itororó","Bela Vista","Centro","0","2026-09-12 19:00:00"
"c1435a98-96fd-44d5-41dd-08df02205664","SoteroPaulistana","Espetáculo Musical / Show","2026-09-12","Sábado","19:00","Centro de Culturas Negras","Se","Centro","0","2026-09-12 19:00:00"
"a0dde673-df69-442f-56cc-08df02209eb3","O Nariz Espetado no Chão","Teatro","2026-09-12","Sábado","21:00","Sala Multiuso do Teatro Arthur Azevedo","Mooca","ZL","0","2026-09-12 21:00:00"
"3b8e896f-92ba-41f5-56fa-08df02209eb3","Transversa de Ariane R. - Música Instrumental Brasileira com Influências do Jazz","Espetáculo Musical / Show","2026-09-13","Domingo","11:00","Centro Cultural Vila Itororó","Bela Vista","Centro","0","2026-09-13 11:00:00"
"4ad19e51-d6d6-4a32-b9a8-08def8960f4b","Hit Flow - Movimento que Transforma - Axé das Antigas e Pagodão Bahiano","Espetáculo De Dança","2026-09-13","Domingo","15:00","Centro de Formação Cultural Cidade Tiradentes","Jardim Pérola Ii","Outra/Desconhecida","0","2026-09-13 15:00:00"
"d279449d-bc8b-480b-56cd-08df02209eb3","O Nariz Espetado no Chão","Teatro","2026-09-13","Domingo","18:00","Sala Multiuso do Teatro Arthur Azevedo","Mooca","ZL","0","2026-09-13 18:00:00"
"16d3934d-ab25-4c55-56e2-08df02209eb3","Dois Cantos, Um Samba - Um encontro musical entre Elis Almeida e Taiguara Nazareth","Espetáculo Musical / Show","2026-09-13","Domingo","18:00","Centro de Culturas Negras","Se","Centro","0","2026-09-13 18:00:00"
"360e8ad2-dd4c-4319-56f7-08df02209eb3","O Santo e a Porca, de Ariano Suassuna","Teatro","2026-09-13","Domingo","18:00","Centro Cultural da Diversidade","Itaim Bibi","ZS","0","2026-09-13 18:00:00"
"223776bc-eacb-4c91-d699-08defe29698d","Felipe Marquez e banda","Espetáculo Musical / Show","2026-09-13","Domingo","19:00","Casa de Cultura Municipal Freguesia do Ó - Salvador Ligabue","Freguesia Do Ó","ZN","0","2026-09-13 19:00:00"
"c1c56719-34cc-4513-4172-08dee11922b2","Longevidança Ballet 60+","Curso Teórico  - Vivencia Artístico Cultural","2026-09-15","Terça-feira","10:30","Sala de ensaio 1 - CCSP","Liberdade","Centro","1","2026-09-15 10:30:00"
"ff94ca9f-ca3d-4670-41d6-08df02205664","Brasilidade: O Brasil Que Brinca de Norte a Sul","Contação De Histórias","2026-09-16","Quarta-feira","09:30","Casa de Cultura Municipal Brasilândia","Jardim Maristela","Outra/Desconhecida","0","2026-09-16 09:30:00"
"de282918-a504-48c1-2f8e-08dee2a78635","Dança, com Priscilla Paoli dos Santos","Curso Teórico  - Vivencia Artístico Cultural","2026-09-16","Quarta-feira","12:00","Sala Adoniran Barbosa - CCSP","Liberdade","Centro","1","2026-09-16 12:00:00"
"46f2db3b-ba06-4c6b-d69c-08defe29698d","O Castelo Enfeitiçado","Teatro Infanto-Juvenil","2026-09-16","Quarta-feira","14:00","Casa de Cultura Municipal de São Mateus","Jardim Nove De Julho","Outra/Desconhecida","0","2026-09-16 14:00:00"
"c068ce87-f28c-44fd-56da-08df02209eb3","DJ Zeme","Palestras E Debates","2026-09-17","Quinta-feira","14:00","Casa de Cultura Municipal do Butantã","Jardim Peri Peri","Outra/Desconhecida","0","2026-09-17 14:00:00"
"08475548-ce38-4ab6-ffb5-08def8952763","Curso Teórico Passinho Charme","Curso Teórico  - Vivencia Artístico Cultural","2026-09-17","Quinta-feira","19:30","Sala de ensaio 1 - CCSP","Liberdade","Centro","1","2026-09-17 19:30:00"
"3368cc63-bcbe-44ec-56ce-08df02209eb3","O Nariz Espetado no Chão","Teatro","2026-09-17","Quinta-feira","21:00","Sala Multiuso do Teatro Arthur Azevedo","Mooca","ZL","0","2026-09-17 21:00:00"
"6078010d-1e9f-47b3-56ea-08df02209eb3","Concertada, um estrépido musical","Teatro","2026-09-18","Sexta-feira","18:00","Centro de Memória do Circo","Centro Histórico De São Paulo","Outra/Desconhecida","0","2026-09-18 18:00:00"
"fa105773-e5f7-4ef0-56eb-08df02209eb3","Vem das Ruas","Espetáculo Musical/Show","2026-09-18","Sexta-feira","19:00","Casa de Cultura Municipal Freguesia do Ó - Salvador Ligabue","Freguesia Do Ó","ZN","0","2026-09-18 19:00:00"
"eaded20b-49c1-44d7-0a40-08dee8e271df","Sextou Samba Rock","Curso Teórico  - Vivencia Artístico Cultural","2026-09-18","Sexta-feira","19:30","Sala de ensaio 1 - CCSP","Liberdade","Centro","1","2026-09-18 19:30:00"
"6ace3882-e5e4-40f6-56cf-08df02209eb3","O Nariz Espetado no Chão","Teatro","2026-09-18","Sexta-feira","21:00","Sala Multiuso do Teatro Arthur Azevedo","Mooca","ZL","0","2026-09-18 21:00:00"
"436ddf51-7709-488e-d69b-08defe29698d","Trio Estrela de Minas","Espetáculo Musical/Show","2026-09-19","Sábado","14:00","Casa de Cultura Municipal Santo Amaro - Júlio Guerra","Santo Amaro","ZS","0","2026-09-19 14:00:00"
"17794730-79b7-4f96-41d7-08df02205664","Cuscuz Paulista","Espetáculo Musical / Show","2026-09-19","Sábado","14:00","Casa de Cultura Municipal São Miguel","Vila Pedroso","Outra/Desconhecida","0","2026-09-19 14:00:00"
"c9263e35-a5f3-4fb6-56e9-08df02209eb3","O Homem do Apito","Espetáculo Musical / Show","2026-09-19","Sábado","14:00","Casa de Cultura Cidade Ademar","Jardim Itacolomi","Outra/Desconhecida","0","2026-09-19 14:00:00"
"f9f5931b-2ec1-45f2-41b7-08df02205664","Na Levada do Ritmo","Performance","2026-09-19","Sábado","15:00","Casa de Cultura Municipal Santo Amaro - Júlio Guerra","Santo Amaro","ZS","0","2026-09-19 15:00:00"
"04acc4e7-69eb-42d7-56f5-08df02209eb3","Forró do Trio Golada","Espetáculo Musical / Show","2026-09-19","Sábado","17:00","Casa de Cultura Cidade Ademar","Jardim Itacolomi","Outra/Desconhecida","0","2026-09-19 17:00:00"
"d4d06ca0-f0a7-46bb-56b9-08df02209eb3","Barbareco, O Menino Que Queria Ser Palhaço","Espetáculo De Circo","2026-09-19","Sábado","19:30","Casa de Cultura Municipal Freguesia do Ó - Salvador Ligabue","Freguesia Do Ó","ZN","0","2026-09-19 19:30:00"
"6e80ff81-c9d3-45a9-56b5-08df02209eb3","DJ Danni Georg","Espetáculo Musical / Show","2026-09-19","Sábado","20:00","Centro Cultural Olido ( Sala Olido)","Centro","Outra/Desconhecida","0","2026-09-19 20:00:00"
"35609c85-ab80-474c-56d0-08df02209eb3","O Nariz Espetado no Chão","Teatro","2026-09-19","Sábado","21:00","Sala Multiuso do Teatro Arthur Azevedo","Mooca","ZL","0","2026-09-19 21:00:00"
"20e01646-61f6-4aa7-d68d-08defe29698d","No Quintal do Bloco - Roda de Samba do Akió","Espetáculo Musical / Show","2026-09-20","Domingo","14:00","Casa de Cultura Municipal Santo Amaro - Manoel Mendonça","Santo Amaro","ZS","0","2026-09-20 14:00:00"
"e70ff385-512e-472d-56fc-08df02209eb3","Djs in concert","Espetáculo Musical / Show","2026-09-20","Domingo","14:30","Casa de Cultura Municipal Hip Hop Sul","Vila São Pedro","Outra/Desconhecida","0","2026-09-20 14:30:00"
"bbfe215d-5afc-46f2-41b6-08df02205664","Baile Minha Cara Preta do Rolê","Espetáculo Musical / Show","2026-09-20","Domingo","15:00","Casa de Cultura Municipal Itaim Paulista","Vila Silva Teles","Outra/Desconhecida","0","2026-09-20 15:00:00"
"0bcf388a-17a7-4f25-9bf5-08defe2980fe","Pedagogias Hip-Hop para a Infância e Juventude: Arte, Identidade e Educação Antirracista","Intervenção Artística","2026-09-20","Domingo","17:00","Casa de Cultura Municipal Hip Hop Sul","Vila São Pedro","Outra/Desconhecida","0","2026-09-20 17:00:00"
"13524414-9fd6-49f8-56d1-08df02209eb3","O Nariz Espetado no Chão","Teatro","2026-09-20","Domingo","18:00","Sala Multiuso do Teatro Arthur Azevedo","Mooca","ZL","0","2026-09-20 18:00:00"
"ca0fa17b-231b-47ba-4173-08dee11922b2","Longevidança Ballet 60+","Curso Teórico  - Vivencia Artístico Cultural","2026-09-22","Terça-feira","10:30","Sala de ensaio 1 - CCSP","Liberdade","Centro","1","2026-09-22 10:30:00"
"9a7060c0-324b-44b3-41d9-08df02205664","Um amiguinho Diferente","Contação De Histórias","2026-09-23","Quarta-feira","14:00","Casa de Cultura Municipal São Rafael","Jardim Vera Cruz","Outra/Desconhecida","0","2026-09-23 14:00:00"
"d84fb051-5c2f-4159-2f8f-08dee2a78635","Dança, com Priscilla Paoli dos Santos","Curso Teórico  - Vivencia Artístico Cultural","2026-09-24","Quinta-feira","12:00","Sala Adoniran Barbosa - CCSP","Liberdade","Centro","1","2026-09-24 12:00:00"
"5db709ae-f8a3-4a95-56db-08df02209eb3","DJ Zeme","Palestras E Debates","2026-09-24","Quinta-feira","14:00","Casa de Cultura Municipal do Butantã","Jardim Peri Peri","Outra/Desconhecida","0","2026-09-24 14:00:00"
"eab56442-2a43-41fd-ffb6-08def8952763","Curso Teórico Passinho Charme","Curso Teórico  - Vivencia Artístico Cultural","2026-09-24","Quinta-feira","19:30","Sala de ensaio 1 - CCSP","Liberdade","Centro","1","2026-09-24 19:30:00"
"b0fd1aa3-5be4-4dcf-56d2-08df02209eb3","O Nariz Espetado no Chão","Teatro","2026-09-24","Quinta-feira","21:00","Sala Multiuso do Teatro Arthur Azevedo","Mooca","ZL","0","2026-09-24 21:00:00"
"3bcc8ada-d41e-46d7-0a41-08dee8e271df","Sextou Samba Rock","Curso Teórico  - Vivencia Artístico Cultural","2026-09-25","Sexta-feira","19:30","Sala de ensaio 1 - CCSP","Liberdade","Centro","1","2026-09-25 19:30:00"
"10a9390e-345a-4de5-56d3-08df02209eb3","O Nariz Espetado no Chão","Teatro","2026-09-25","Sexta-feira","21:00","Sala Multiuso do Teatro Arthur Azevedo","Mooca","ZL","0","2026-09-25 21:00:00"
"c611641c-0c4a-42f7-130c-08decb19b478","Como produzir seu quadrinho - do roteiro ao projeto gráfico","Palestras E Debates","2026-09-26","Sábado","14:00","Gibiteca Henfil - CCSP","Liberdade","Centro","1","2026-09-26 14:00:00"
"d9facd99-d042-4b1e-ff81-08def8952763","Encontro desenho de observação com Modelo Vivo","Modelo Vivo","2026-09-26","Sábado","14:00","Chácara Lane - MCSP","Consolação","Centro","0","2026-09-26 14:00:00"
"c336cfeb-5e24-4523-56bc-08df02209eb3","Dj´s Collors Gospel","Espetáculo Musical / Show","2026-09-26","Sábado","14:00","Casa de Cultura Municipal Tremembé","Tremembé","ZN","0","2026-09-26 14:00:00"
"0e452013-71ef-4a30-56d7-08df02209eb3","Festival de Capoeira: Abada Capoeira Show","Cultura Popular : Maracatu, Jongo, Congadas E Similares","2026-09-26","Sábado","15:00","Casa de Cultura Municipal de Guaianases","Jardim Soares","Outra/Desconhecida","0","2026-09-26 15:00:00"
"fca8061b-ce1c-4b7b-41c3-08df02205664","Rogerio Sarralheiro","Espetáculo Musical / Show","2026-09-26","Sábado","15:00","Casa de Cultura Municipal Tremembé","Tremembé","ZN","0","2026-09-26 15:00:00"
"452ae1bb-3407-4e0d-56ba-08df02209eb3","Dj Sete","Espetáculo Musical / Show","2026-09-26","Sábado","16:00","Casa de Cultura Municipal Tremembé","Tremembé","ZN","0","2026-09-26 16:00:00"
"326b2885-a62d-4a8f-56d4-08df02209eb3","O Nariz Espetado no Chão","Teatro","2026-09-26","Sábado","21:00","Sala Multiuso do Teatro Arthur Azevedo","Mooca","ZL","0","2026-09-26 21:00:00"
"7721eaff-e5b3-4b16-56f8-08df02209eb3","Comunidade do Samba da Cidade Tiradentes","Espetáculo Musical / Show","2026-09-27","Domingo","16:00","Casa de Cultura Municipal Hip Hop Leste","Cidade Tiradentes","Outra/Desconhecida","0","2026-09-27 16:00:00"
"8efbcc62-86e2-42eb-56d5-08df02209eb3","O Nariz Espetado no Chão","Teatro","2026-09-27","Domingo","18:00","Sala Multiuso do Teatro Arthur Azevedo","Mooca","ZL","0","2026-09-27 18:00:00"
"2d890c3f-3ec2-4a56-4174-08dee11922b2","Longevidança Ballet 60+","Curso Teórico  - Vivencia Artístico Cultural","2026-09-29","Terça-feira","10:30","Sala de ensaio 1 - CCSP","Liberdade","Centro","1","2026-09-29 10:30:00"
"4979ab3f-5ecb-45e0-2111-08de78690b8e","Residência Artística - ""Larissa Gabriel"" na Casa de Cultura Cidade Ademar","Residência Artística / Pesquisa De Acervo","2026-09-29","Terça-feira","14:00","Casa de Cultura Cidade Ademar","Jardim Itacolomi","Outra/Desconhecida","0","2026-09-29 14:00:00"
"df944fe0-5fe0-401d-9c15-08defe2980fe","Thiago Faustino","Palestras E Debates","2026-10-01","Quinta-feira","13:00","Casa de Cultura Municipal Santo Amaro - Júlio Guerra","Santo Amaro","ZS","0","2026-10-01 13:00:00"
"86b03bc6-2039-4902-53a2-08deee7d08f1","Sara Rosario","Residência Artística / Pesquisa De Acervo","2026-10-01","Quinta-feira","14:00","Casa de Cultura Municipal São Rafael","Jardim Vera Cruz","Outra/Desconhecida","0","2026-10-01 14:00:00"
"581594f9-5eeb-484f-56dc-08df02209eb3","DJ Zeme","Palestras E Debates","2026-10-01","Quinta-feira","14:00","Casa de Cultura Municipal do Butantã","Jardim Peri Peri","Outra/Desconhecida","0","2026-10-01 14:00:00"
"5abeb0df-21b9-40c2-9c16-08defe2980fe","Thiago Faustino","Palestras E Debates","2026-10-01","Quinta-feira","15:00","Casa de Cultura Municipal Santo Amaro - Júlio Guerra","Santo Amaro","ZS","0","2026-10-01 15:00:00"
"d58fa7be-2536-4656-ff82-08def8952763","Encontro desenho de observação com Modelo Vivo","Modelo Vivo","2026-10-03","Sábado","14:00","Chácara Lane - MCSP","Consolação","Centro","0","2026-10-03 14:00:00"
"ba9df1ed-0ed4-4001-9bec-08defe2980fe","Longevidança Ballet 60+","Curso Teórico  - Vivencia Artístico Cultural","2026-10-06","Terça-feira","10:30","Sala de ensaio 1 - CCSP","Liberdade","Centro","1","2026-10-06 10:30:00"
"6b6c9c80-cf97-45a6-56dd-08df02209eb3","DJ Zeme","Palestras E Debates","2026-10-08","Quinta-feira","14:00","Casa de Cultura Municipal do Butantã","Jardim Peri Peri","Outra/Desconhecida","0","2026-10-08 14:00:00"
"db7981ab-1f31-49a9-56fb-08df02209eb3","Beatles 4Ever Cartoon","Espetáculo Musical / Show","2026-10-11","Domingo","15:00","Centro Cultural Vila Formosa","Vila Formosa","ZL","0","2026-10-11 15:00:00"
"e1ad17f9-cedd-47d1-9bed-08defe2980fe","Longevidança Ballet 60+","Curso Teórico  - Vivencia Artístico Cultural","2026-10-13","Terça-feira","10:30","Sala de ensaio 1 - CCSP","Liberdade","Centro","1","2026-10-13 10:30:00"
"8cf584cf-dad6-4301-ff98-08def8952763","Festival do Patrimônio: Zeca Baleiro","Espetáculo Musical / Show","2026-10-14","Quarta-feira","19:00","Theatro Municipal de São Paulo","República","Centro","0","2026-10-14 19:00:00"
"d45fce24-cb67-49cb-56de-08df02209eb3","DJ Zeme","Palestras E Debates","2026-10-15","Quinta-feira","14:00","Casa de Cultura Municipal do Butantã","Jardim Peri Peri","Outra/Desconhecida","0","2026-10-15 14:00:00"
"addfed52-fc53-4312-9bee-08defe2980fe","Longevidança Ballet 60+","Curso Teórico  - Vivencia Artístico Cultural","2026-10-20","Terça-feira","10:30","Sala de ensaio 1 - CCSP","Liberdade","Centro","1","2026-10-20 10:30:00"
"374f0199-a8c4-4b79-b4bb-08de7ddf9d86","Cicero Alves Cordeiro","Residência Artística / Pesquisa De Acervo","2026-10-20","Terça-feira","13:00","Casa de Cultura Municipal São Miguel","Vila Pedroso","Outra/Desconhecida","0","2026-10-20 13:00:00"
"2439ea25-5aa1-4d8c-56df-08df02209eb3","DJ Zeme","Palestras E Debates","2026-10-22","Quinta-feira","14:00","Casa de Cultura Municipal do Butantã","Jardim Peri Peri","Outra/Desconhecida","0","2026-10-22 14:00:00"
"03399c89-d503-4ce1-9bef-08defe2980fe","Longevidança Ballet 60+","Curso Teórico  - Vivencia Artístico Cultural","2026-10-27","Terça-feira","10:30","Sala de ensaio 1 - CCSP","Liberdade","Centro","1","2026-10-27 10:30:00"
"e7a79625-14f3-42d6-9bf0-08defe2980fe","Longevidança Ballet 60+","Curso Teórico  - Vivencia Artístico Cultural","2026-11-03","Terça-feira","10:30","Sala de ensaio 1 - CCSP","Liberdade","Centro","1","2026-11-03 10:30:00"
"fca062fb-4b6e-4df2-9c17-08defe2980fe","Thiago Faustino","Palestras E Debates","2026-11-03","Terça-feira","13:00","Casa de Cultura Municipal M'Boi Mirim","Socorro","ZS","0","2026-11-03 13:00:00"
"e1b32dd0-bdf0-4e05-9c18-08defe2980fe","Thiago Faustino","Palestras E Debates","2026-11-03","Terça-feira","15:00","Casa de Cultura Municipal M'Boi Mirim","Socorro","ZS","0","2026-11-03 15:00:00"
"15ca9095-8c0c-4214-9bf1-08defe2980fe","Longevidança Ballet 60+","Curso Teórico  - Vivencia Artístico Cultural","2026-11-10","Terça-feira","10:30","Sala de ensaio 1 - CCSP","Liberdade","Centro","1","2026-11-10 10:30:00"
"b573d3dd-a2b0-4011-9bf2-08defe2980fe","Longevidança Ballet 60+","Curso Teórico  - Vivencia Artístico Cultural","2026-11-17","Terça-feira","10:30","Sala de ensaio 1 - CCSP","Liberdade","Centro","1","2026-11-17 10:30:00"
"4bcfb358-9c36-4f47-9bf3-08defe2980fe","Longevidança Ballet 60+","Curso Teórico  - Vivencia Artístico Cultural","2026-11-24","Terça-feira","10:30","Sala de ensaio 1 - CCSP","Liberdade","Centro","1","2026-11-24 10:30:00"
"32092408-9380-4ad8-1140-08ded93fe7a1","Laboratório teórico de investigação em modelo vivo","Curso Teórico  - Vivencia Artístico Cultural","2026-11-28","Sábado","14:00","Chácara Lane - MCSP","Consolação","Centro","0","2026-11-28 14:00:00"
"9731587f-8143-40a4-9c19-08defe2980fe","Thiago Faustino","Palestras E Debates","2026-12-01","Terça-feira","13:00","Casa de Cultura Municipal M'Boi Mirim","Socorro","ZS","0","2026-12-01 13:00:00"
"f89cc95c-84e0-4929-9c1c-08defe2980fe","Thiago Faustino","Palestras E Debates","2026-12-01","Terça-feira","15:00","Casa de Cultura Municipal M'Boi Mirim","Socorro","ZS","0","2026-12-01 15:00:00"
"fdbd06ec-82f7-448d-9c1a-08defe2980fe","Thiago Faustino","Palestras E Debates","2026-12-11","Sexta-feira","13:00","Casa de Cultura Municipal Santo Amaro - Júlio Guerra","Santo Amaro","ZS","0","2026-12-11 13:00:00"
"269d9d19-da39-440c-9c1b-08defe2980fe","Thiago Faustino","Palestras E Debates","2026-12-11","Sexta-feira","15:00","Casa de Cultura Municipal Santo Amaro - Júlio Guerra","Santo Amaro","ZS","0","2026-12-11 15:00:00"
"b3c5739d-ff1f-4794-e126-08dec6530883","Criação de personagens para HQs","Palestras E Debates","2026-12-19","Sábado","14:00","Gibiteca Henfil - CCSP","Liberdade","Centro","1","2026-12-19 14:00:00"
