"data_raw","nome_raw","tipo_raw","ano_consultado","extraido_em"
"2026-01-01","Confraternização mundial","national","2026","2026-10-04T18:43:46.560570-03:00"
"2026-02-16","Carnaval","national","2026","2026-10-04T18:43:46.560570-03:00"
"2026-02-17","Carnaval","national","2026","2026-10-04T18:43:46.560570-03:00"
"2026-04-03","Sexta-feira Santa","national","2026","2026-10-04T18:43:46.560570-03:00"
"2026-04-05","Páscoa","national","2026","2026-10-04T18:43:46.560570-03:00"
"2026-04-21","Tiradentes","national","2026","2026-10-04T18:43:46.560570-03:00"
"2026-05-01","Dia do trabalho","national","2026","2026-10-04T18:43:46.560570-03:00"
"2026-06-04","Corpus Christi","national","2026","2026-10-04T18:43:46.560570-03:00"
"2026-09-07","Independência do Brasil","national","2026","2026-10-04T18:43:46.560570-03:00"
"2026-10-12","Nossa Senhora Aparecida","national","2026","2026-10-04T18:43:46.560570-03:00"
"2026-11-02","Finados","national","2026","2026-10-04T18:43:46.560570-03:00"
"2026-11-15","Proclamação da República","national","2026","2026-10-04T18:43:46.560570-03:00"
"2026-11-20","Dia da consciência negra","national","2026","2026-10-04T18:43:46.560570-03:00"
"2026-12-25","Natal","national","2026","2026-10-04T18:43:46.560570-03:00"
"2027-01-01","Confraternização mundial","national","2027","2026-10-04T18:43:46.560570-03:00"
"2027-02-08","Carnaval","national","2027","2026-10-04T18:43:46.560570-03:00"
"2027-02-09","Carnaval","national","2027","2026-10-04T18:43:46.560570-03:00"
"2027-03-26","Sexta-feira Santa","national","2027","2026-10-04T18:43:46.560570-03:00"
"2027-03-28","Páscoa","national","2027","2026-10-04T18:43:46.560570-03:00"
"2027-04-21","Tiradentes","national","2027","2026-10-04T18:43:46.560570-03:00"
"2027-05-01","Dia do trabalho","national","2027","2026-10-04T18:43:46.560570-03:00"
"2027-05-27","Corpus Christi","national","2027","2026-10-04T18:43:46.560570-03:00"
"2027-09-07","Independência do Brasil","national","2027","2026-10-04T18:43:46.560570-03:00"
"2027-10-12","Nossa Senhora Aparecida","national","2027","2026-10-04T18:43:46.560570-03:00"
"2027-11-02","Finados","national","2027","2026-10-04T18:43:46.560570-03:00"
"2027-11-15","Proclamação da República","national","2027","2026-10-04T18:43:46.560570-03:00"
"2027-11-20","Dia da consciência negra","national","2027","2026-10-04T18:43:46.560570-03:00"
"2027-12-25","Natal","national","2027","2026-10-04T18:43:46.560570-03:00"
