"evento_id","ocorrencia_id","evento_nome_raw","tipo_evento_raw","data_hora_inicio_raw","data_hora_fim_raw","espaco_nome_raw","endereco_completo_raw","next_presentation_date","extraido_em"
"0818d441-550d-4219-f036-08deee7cc0f5","f0316f32-16fa-4fd6-7c51-08deee7cc0f7","Coco do Pajé","Espetáculo Musical / Show","2026-08-27T17:00:00+00:00","2026-08-27T18:00:00+00:00","Biblioteca Álvaro Guerra","Avenida Pedroso de Morais, 1919 - Pinheiros, São Paulo - SP","2026-08-31T17:00:00+00:00","2026-08-30T19:48:54.934174-03:00"
"0818d441-550d-4219-f036-08deee7cc0f5","40f0b30d-360f-4f9c-7c52-08deee7cc0f7","Coco do Pajé","Espetáculo Musical / Show","2026-08-28T17:00:00+00:00","2026-08-28T18:00:00+00:00","Biblioteca Camila Cerqueira César","Rua Valdemar Sanches, 41 - Butantã, São Paulo - SP","2026-08-31T17:00:00+00:00","2026-08-30T19:48:54.934174-03:00"
"0818d441-550d-4219-f036-08deee7cc0f5","021ad596-8f9b-4d43-7c53-08deee7cc0f7","Coco do Pajé","Espetáculo Musical / Show","2026-08-31T17:00:00+00:00","2026-08-31T18:00:00+00:00","Biblioteca Pública Municipal Anne Frank","Rua Cojuba, 45 - Itaim Bibi, São Paulo - SP","2026-08-31T17:00:00+00:00","2026-08-30T19:48:54.934174-03:00"
"4f2cbbc4-9361-4cdf-2a90-08def8952763","e76f330e-15e8-46d7-ff7a-08def8952763","Picadeiro Aberto - Edição Agosto 2026","Intervenção Artística","2026-08-31T16:00:00+00:00","2026-08-31T17:00:00+00:00","Centro de Memória do Circo","Avenida São João, 473 - Centro Histórico de São Paulo, São Paulo - SP","2026-08-31T16:00:00+00:00","2026-08-30T19:48:54.934174-03:00"
"4f2cbbc4-9361-4cdf-2a90-08def8952763","a4a41ef8-923b-402e-ff7b-08def8952763","Picadeiro Aberto - Edição Agosto 2026","Intervenção Artística","2026-08-31T18:00:00+00:00","2026-08-31T19:00:00+00:00","Centro de Memória do Circo","Avenida São João, 473 - Centro Histórico de São Paulo, São Paulo - SP","2026-08-31T16:00:00+00:00","2026-08-30T19:48:54.934174-03:00"
"4f2cbbc4-9361-4cdf-2a90-08def8952763","4e04e563-be46-444c-ff7c-08def8952763","Picadeiro Aberto - Edição Agosto 2026","Intervenção Artística","2026-08-31T20:00:00+00:00","2026-08-31T21:00:00+00:00","Centro de Memória do Circo","Avenida São João, 473 - Centro Histórico de São Paulo, São Paulo - SP","2026-08-31T16:00:00+00:00","2026-08-30T19:48:54.934174-03:00"
"6666edc4-4beb-45df-2ab9-08def8952763","64551619-fd69-4659-ffb7-08def8952763","Maciel Salú - Baile de Rabeca","Espetáculo Musical / Show","2026-08-31T22:00:00+00:00","2026-08-31T23:00:00+00:00","Rua da Consolação, 94 - República, São Paulo - 01302000","Rua da Consolação, 94 - Consolação, São Paulo - SP","2026-08-31T22:00:00+00:00","2026-08-30T19:48:54.934174-03:00"
"abbe6d41-9ed7-4472-2abc-08def8952763","030fa5b4-e3cc-40bb-ffbc-08def8952763","Histórias em Xeque","Vivência Artístico Cultural","2026-08-24T17:00:00+00:00","2026-08-24T18:00:00+00:00","Biblioteca Pública Municipal Rubens Borba Alves de Moraes","Rua Sampei Sato, 440  - Jardim Matarazzo, São Paulo - SP","2026-08-31T17:00:00+00:00","2026-08-30T19:48:54.934174-03:00"
"abbe6d41-9ed7-4472-2abc-08def8952763","a8ae44ac-3d02-4767-ffbd-08def8952763","Histórias em Xeque","Vivência Artístico Cultural","2026-08-31T17:00:00+00:00","2026-08-31T18:00:00+00:00","Biblioteca Pública Municipal Rubens Borba Alves de Moraes","Rua Sampei Sato, 440  - Jardim Matarazzo, São Paulo - SP","2026-08-31T17:00:00+00:00","2026-08-30T19:48:54.934174-03:00"
"abbe6d41-9ed7-4472-2abc-08def8952763","07b9f743-bb0f-42bc-ffbe-08def8952763","Histórias em Xeque","Vivência Artístico Cultural","2026-08-20T14:00:00+00:00","2026-08-20T15:00:00+00:00","Biblioteca Pública Paulo Duarte (CCN)","Rua Arsênio Tavolieri, 45 - Vila Parque Jabaquara, São Paulo - SP","2026-08-31T17:00:00+00:00","2026-08-30T19:48:54.934174-03:00"
"abbe6d41-9ed7-4472-2abc-08def8952763","30e5febb-fa3d-43de-ffbf-08def8952763","Histórias em Xeque","Vivência Artístico Cultural","2026-08-27T17:00:00+00:00","2026-08-27T18:00:00+00:00","Biblioteca Pública Paulo Duarte (CCN)","Rua Arsênio Tavolieri, 45 - Vila Parque Jabaquara, São Paulo - SP","2026-08-31T17:00:00+00:00","2026-08-30T19:48:54.934174-03:00"
"abbe6d41-9ed7-4472-2abc-08def8952763","0fa64779-d453-401b-ffc0-08def8952763","Histórias em Xeque","Vivência Artístico Cultural","2026-08-18T13:00:00+00:00","2026-08-18T14:00:00+00:00","Biblioteca Pública Cassiano Ricardo","Avenida Celso Garcia, 4200 - Tatuapé, São Paulo - SP","2026-08-31T17:00:00+00:00","2026-08-30T19:48:54.934174-03:00"
"abbe6d41-9ed7-4472-2abc-08def8952763","9cda0986-8686-41ac-ffc1-08def8952763","Histórias em Xeque","Vivência Artístico Cultural","2026-08-25T13:00:00+00:00","2026-08-25T14:00:00+00:00","Biblioteca Pública Cassiano Ricardo","Avenida Celso Garcia, 4200 - Tatuapé, São Paulo - SP","2026-08-31T17:00:00+00:00","2026-08-30T19:48:54.934174-03:00"
"abbe6d41-9ed7-4472-2abc-08def8952763","199d5e29-fea7-4478-ffc2-08def8952763","Histórias em Xeque","Vivência Artístico Cultural","2026-09-09T17:00:00+00:00","2026-09-09T18:00:00+00:00","Biblioteca José Paulo Paes","Largo do Rosário, 20 - Penha de França, São Paulo - SP","2026-08-31T17:00:00+00:00","2026-08-30T19:48:54.934174-03:00"
"1b900dd0-3c74-4116-db1d-08de632b7394","68b9a517-9f15-4195-5678-08de632b7395","Residência Artística - ""Marceu Silva"" na Casa de Cultura do Hip Hop Leste","Residência Artística / Pesquisa de acervo","2026-02-03T16:00:00+00:00","2026-03-14T20:00:00+00:00","Casa de Cultura Municipal Hip Hop Leste","R. Sara Kubitscheck, 165 - Cidade Tiradentes, São Paulo - SP","2026-09-01T16:00:00+00:00","2026-08-30T19:48:54.934174-03:00"
"1b900dd0-3c74-4116-db1d-08de632b7394","afe1776d-17b2-46c9-5679-08de632b7395","Residência Artística - ""Marceu Silva"" na Casa de Cultura do Hip Hop Leste","Residência Artística / Pesquisa de acervo","2026-03-17T16:00:00+00:00","2026-04-25T20:00:00+00:00","Casa de Cultura Municipal Hip Hop Leste","R. Sara Kubitscheck, 165 - Cidade Tiradentes, São Paulo - SP","2026-09-01T16:00:00+00:00","2026-08-30T19:48:54.934174-03:00"
"1b900dd0-3c74-4116-db1d-08de632b7394","f48da3d7-7ee0-4a41-567a-08de632b7395","Residência Artística - ""Marceu Silva"" na Casa de Cultura do Hip Hop Leste","Residência Artística / Pesquisa de acervo","2026-04-28T16:00:00+00:00","2026-06-06T20:00:00+00:00","Casa de Cultura Municipal Hip Hop Leste","R. Sara Kubitscheck, 165 - Cidade Tiradentes, São Paulo - SP","2026-09-01T16:00:00+00:00","2026-08-30T19:48:54.934174-03:00"
"1b900dd0-3c74-4116-db1d-08de632b7394","7a2d284b-4b38-40d2-567b-08de632b7395","Residência Artística - ""Marceu Silva"" na Casa de Cultura do Hip Hop Leste","Residência Artística / Pesquisa de acervo","2026-06-09T16:00:00+00:00","2026-07-18T20:00:00+00:00","Casa de Cultura Municipal Hip Hop Leste","R. Sara Kubitscheck, 165 - Cidade Tiradentes, São Paulo - SP","2026-09-01T16:00:00+00:00","2026-08-30T19:48:54.934174-03:00"
"1b900dd0-3c74-4116-db1d-08de632b7394","9ac9d7db-bbe2-4701-567c-08de632b7395","Residência Artística - ""Marceu Silva"" na Casa de Cultura do Hip Hop Leste","Residência Artística / Pesquisa de acervo","2026-07-21T16:00:00+00:00","2026-08-29T20:00:00+00:00","Casa de Cultura Municipal Hip Hop Leste","R. Sara Kubitscheck, 165 - Cidade Tiradentes, São Paulo - SP","2026-09-01T16:00:00+00:00","2026-08-30T19:48:54.934174-03:00"
"1b900dd0-3c74-4116-db1d-08de632b7394","72a1ab15-cbb6-4d26-567d-08de632b7395","Residência Artística - ""Marceu Silva"" na Casa de Cultura do Hip Hop Leste","Residência Artística / Pesquisa de acervo","2026-09-01T16:00:00+00:00","2026-10-10T20:00:00+00:00","Casa de Cultura Municipal Hip Hop Leste","R. Sara Kubitscheck, 165 - Cidade Tiradentes, São Paulo - SP","2026-09-01T16:00:00+00:00","2026-08-30T19:48:54.934174-03:00"
"8a0e9dc0-b91f-4f67-dc55-08dee11922b1","33f3f096-0103-48a6-416a-08dee11922b2","Longevidança Ballet 60+","Curso Teórico  - Vivencia Artístico Cultural","2026-07-14T13:30:00+00:00","2026-07-14T15:00:00+00:00","Sala de ensaio 1 - CCSP","Rua Vergueiro, 1000 - Liberdade, São Paulo - SP","2026-09-01T13:30:00+00:00","2026-08-30T19:48:54.934174-03:00"
"8a0e9dc0-b91f-4f67-dc55-08dee11922b1","2da26931-76ab-43ee-416b-08dee11922b2","Longevidança Ballet 60+","Curso Teórico  - Vivencia Artístico Cultural","2026-07-21T13:30:00+00:00","2026-07-21T15:00:00+00:00","Sala de ensaio 1 - CCSP","Rua Vergueiro, 1000 - Liberdade, São Paulo - SP","2026-09-01T13:30:00+00:00","2026-08-30T19:48:54.934174-03:00"
"8a0e9dc0-b91f-4f67-dc55-08dee11922b1","1e546d2c-8d49-40bd-416c-08dee11922b2","Longevidança Ballet 60+","Curso Teórico  - Vivencia Artístico Cultural","2026-07-28T13:30:00+00:00","2026-07-28T15:00:00+00:00","Sala de ensaio 1 - CCSP","Rua Vergueiro, 1000 - Liberdade, São Paulo - SP","2026-09-01T13:30:00+00:00","2026-08-30T19:48:54.934174-03:00"
"8a0e9dc0-b91f-4f67-dc55-08dee11922b1","7c0c5c29-4c1f-4cf5-416d-08dee11922b2","Longevidança Ballet 60+","Curso Teórico  - Vivencia Artístico Cultural","2026-08-04T13:30:00+00:00","2026-08-04T15:00:00+00:00","Sala de ensaio 1 - CCSP","Rua Vergueiro, 1000 - Liberdade, São Paulo - SP","2026-09-01T13:30:00+00:00","2026-08-30T19:48:54.934174-03:00"
"8a0e9dc0-b91f-4f67-dc55-08dee11922b1","ab53d0ad-f420-442d-416e-08dee11922b2","Longevidança Ballet 60+","Curso Teórico  - Vivencia Artístico Cultural","2026-08-11T13:30:00+00:00","2026-08-11T15:00:00+00:00","Sala de ensaio 1 - CCSP","Rua Vergueiro, 1000 - Liberdade, São Paulo - SP","2026-09-01T13:30:00+00:00","2026-08-30T19:48:54.934174-03:00"
"8a0e9dc0-b91f-4f67-dc55-08dee11922b1","9feea652-b82c-461c-416f-08dee11922b2","Longevidança Ballet 60+","Curso Teórico  - Vivencia Artístico Cultural","2026-08-18T13:30:00+00:00","2026-08-18T15:00:00+00:00","Sala de ensaio 1 - CCSP","Rua Vergueiro, 1000 - Liberdade, São Paulo - SP","2026-09-01T13:30:00+00:00","2026-08-30T19:48:54.934174-03:00"
"8a0e9dc0-b91f-4f67-dc55-08dee11922b1","afb4fdd5-9660-4d5a-4170-08dee11922b2","Longevidança Ballet 60+","Curso Teórico  - Vivencia Artístico Cultural","2026-09-01T13:30:00+00:00","2026-09-01T15:00:00+00:00","Sala de ensaio 1 - CCSP","Rua Vergueiro, 1000 - Liberdade, São Paulo - SP","2026-09-01T13:30:00+00:00","2026-08-30T19:48:54.934174-03:00"
"8a0e9dc0-b91f-4f67-dc55-08dee11922b1","c78dd2cc-d60f-4ec0-4171-08dee11922b2","Longevidança Ballet 60+","Curso Teórico  - Vivencia Artístico Cultural","2026-09-08T13:30:00+00:00","2026-09-08T15:00:00+00:00","Sala de ensaio 1 - CCSP","Rua Vergueiro, 1000 - Liberdade, São Paulo - SP","2026-09-01T13:30:00+00:00","2026-08-30T19:48:54.934174-03:00"
"8a0e9dc0-b91f-4f67-dc55-08dee11922b1","c1c56719-34cc-4513-4172-08dee11922b2","Longevidança Ballet 60+","Curso Teórico  - Vivencia Artístico Cultural","2026-09-15T13:30:00+00:00","2026-09-15T15:00:00+00:00","Sala de ensaio 1 - CCSP","Rua Vergueiro, 1000 - Liberdade, São Paulo - SP","2026-09-01T13:30:00+00:00","2026-08-30T19:48:54.934174-03:00"
"8a0e9dc0-b91f-4f67-dc55-08dee11922b1","ca0fa17b-231b-47ba-4173-08dee11922b2","Longevidança Ballet 60+","Curso Teórico  - Vivencia Artístico Cultural","2026-09-22T13:30:00+00:00","2026-09-22T15:00:00+00:00","Sala de ensaio 1 - CCSP","Rua Vergueiro, 1000 - Liberdade, São Paulo - SP","2026-09-01T13:30:00+00:00","2026-08-30T19:48:54.934174-03:00"
"8a0e9dc0-b91f-4f67-dc55-08dee11922b1","2d890c3f-3ec2-4a56-4174-08dee11922b2","Longevidança Ballet 60+","Curso Teórico  - Vivencia Artístico Cultural","2026-09-29T13:30:00+00:00","2026-09-29T15:00:00+00:00","Sala de ensaio 1 - CCSP","Rua Vergueiro, 1000 - Liberdade, São Paulo - SP","2026-09-01T13:30:00+00:00","2026-08-30T19:48:54.934174-03:00"
"ffdc6eb5-e9d5-45c0-8f9c-08deee7d08ef","eedc853c-73ef-4028-53a0-08deee7d08f1","Sara Rosario","Residência Artística / Pesquisa de acervo","2026-08-01T17:00:00+00:00","2026-08-30T22:00:00+00:00","Casa de Cultura Municipal São Rafael","R. Quaresma Delgado, 354 - Jardim Vera Cruz, São Paulo - SP","2026-09-01T17:00:00+00:00","2026-08-30T19:48:54.934174-03:00"
"ffdc6eb5-e9d5-45c0-8f9c-08deee7d08ef","a1259224-99c9-4429-53a1-08deee7d08f1","Sara Rosario","Residência Artística / Pesquisa de acervo","2026-09-01T17:00:00+00:00","2026-09-30T22:00:00+00:00","Casa de Cultura Municipal São Rafael","R. Quaresma Delgado, 354 - Jardim Vera Cruz, São Paulo - SP","2026-09-01T17:00:00+00:00","2026-08-30T19:48:54.934174-03:00"
"ffdc6eb5-e9d5-45c0-8f9c-08deee7d08ef","86b03bc6-2039-4902-53a2-08deee7d08f1","Sara Rosario","Residência Artística / Pesquisa de acervo","2026-10-01T17:00:00+00:00","2026-10-30T22:00:00+00:00","Casa de Cultura Municipal São Rafael","R. Quaresma Delgado, 354 - Jardim Vera Cruz, São Paulo - SP","2026-09-01T17:00:00+00:00","2026-08-30T19:48:54.934174-03:00"
"93abbae8-a0f0-41b2-2ab1-08def8952763","09478427-f1cb-48aa-ffa7-08def8952763","Onírica","Exposição","2026-09-01T12:00:00+00:00","2026-09-30T20:00:00+00:00","Centro de Formação Cultural Cidade Tiradentes","Rua Inácio Monteiro, 6900 - Jardim Pérola II, São Paulo - SP","2026-09-01T12:00:00+00:00","2026-08-30T19:48:54.934174-03:00"
"2074088b-c278-442c-dce9-08defe2980fd","acaf8d53-6869-42c8-9be7-08defe2980fe","Longevidança Ballet 60+","Curso Teórico  - Vivencia Artístico Cultural","2026-09-01T13:30:00+00:00","2026-09-01T15:00:00+00:00","Sala de ensaio 1 - CCSP","Rua Vergueiro, 1000 - Liberdade, São Paulo - SP","2026-09-01T13:30:00+00:00","2026-08-30T19:48:54.934174-03:00"
"2074088b-c278-442c-dce9-08defe2980fd","6a9b089a-d2f4-4031-9be8-08defe2980fe","Longevidança Ballet 60+","Curso Teórico  - Vivencia Artístico Cultural","2026-09-08T13:30:00+00:00","2026-09-08T15:00:00+00:00","Sala de ensaio 1 - CCSP","Rua Vergueiro, 1000 - Liberdade, São Paulo - SP","2026-09-01T13:30:00+00:00","2026-08-30T19:48:54.934174-03:00"
"2074088b-c278-442c-dce9-08defe2980fd","a41cf954-6ed3-4a83-9be9-08defe2980fe","Longevidança Ballet 60+","Curso Teórico  - Vivencia Artístico Cultural","2026-09-15T13:30:00+00:00","2026-09-15T15:00:00+00:00","Sala de ensaio 1 - CCSP","Rua Vergueiro, 1000 - Liberdade, São Paulo - SP","2026-09-01T13:30:00+00:00","2026-08-30T19:48:54.934174-03:00"
"2074088b-c278-442c-dce9-08defe2980fd","e31c91da-a340-4625-9bea-08defe2980fe","Longevidança Ballet 60+","Curso Teórico  - Vivencia Artístico Cultural","2026-09-22T13:30:00+00:00","2026-09-22T15:00:00+00:00","Sala de ensaio 1 - CCSP","Rua Vergueiro, 1000 - Liberdade, São Paulo - SP","2026-09-01T13:30:00+00:00","2026-08-30T19:48:54.934174-03:00"
"2074088b-c278-442c-dce9-08defe2980fd","295e3c7a-912d-4d59-9beb-08defe2980fe","Longevidança Ballet 60+","Curso Teórico  - Vivencia Artístico Cultural","2026-09-29T13:30:00+00:00","2026-09-29T15:00:00+00:00","Sala de ensaio 1 - CCSP","Rua Vergueiro, 1000 - Liberdade, São Paulo - SP","2026-09-01T13:30:00+00:00","2026-08-30T19:48:54.934174-03:00"
"2074088b-c278-442c-dce9-08defe2980fd","ba9df1ed-0ed4-4001-9bec-08defe2980fe","Longevidança Ballet 60+","Curso Teórico  - Vivencia Artístico Cultural","2026-10-06T13:30:00+00:00","2026-10-06T15:00:00+00:00","Sala de ensaio 1 - CCSP","Rua Vergueiro, 1000 - Liberdade, São Paulo - SP","2026-09-01T13:30:00+00:00","2026-08-30T19:48:54.934174-03:00"
"2074088b-c278-442c-dce9-08defe2980fd","e1ad17f9-cedd-47d1-9bed-08defe2980fe","Longevidança Ballet 60+","Curso Teórico  - Vivencia Artístico Cultural","2026-10-13T13:30:00+00:00","2026-10-13T15:00:00+00:00","Sala de ensaio 1 - CCSP","Rua Vergueiro, 1000 - Liberdade, São Paulo - SP","2026-09-01T13:30:00+00:00","2026-08-30T19:48:54.934174-03:00"
"2074088b-c278-442c-dce9-08defe2980fd","addfed52-fc53-4312-9bee-08defe2980fe","Longevidança Ballet 60+","Curso Teórico  - Vivencia Artístico Cultural","2026-10-20T13:30:00+00:00","2026-10-20T15:00:00+00:00","Sala de ensaio 1 - CCSP","Rua Vergueiro, 1000 - Liberdade, São Paulo - SP","2026-09-01T13:30:00+00:00","2026-08-30T19:48:54.934174-03:00"
"2074088b-c278-442c-dce9-08defe2980fd","03399c89-d503-4ce1-9bef-08defe2980fe","Longevidança Ballet 60+","Curso Teórico  - Vivencia Artístico Cultural","2026-10-27T13:30:00+00:00","2026-10-27T15:00:00+00:00","Sala de ensaio 1 - CCSP","Rua Vergueiro, 1000 - Liberdade, São Paulo - SP","2026-09-01T13:30:00+00:00","2026-08-30T19:48:54.934174-03:00"
"2074088b-c278-442c-dce9-08defe2980fd","e7a79625-14f3-42d6-9bf0-08defe2980fe","Longevidança Ballet 60+","Curso Teórico  - Vivencia Artístico Cultural","2026-11-03T13:30:00+00:00","2026-11-03T15:00:00+00:00","Sala de ensaio 1 - CCSP","Rua Vergueiro, 1000 - Liberdade, São Paulo - SP","2026-09-01T13:30:00+00:00","2026-08-30T19:48:54.934174-03:00"
"2074088b-c278-442c-dce9-08defe2980fd","15ca9095-8c0c-4214-9bf1-08defe2980fe","Longevidança Ballet 60+","Curso Teórico  - Vivencia Artístico Cultural","2026-11-10T13:30:00+00:00","2026-11-10T15:00:00+00:00","Sala de ensaio 1 - CCSP","Rua Vergueiro, 1000 - Liberdade, São Paulo - SP","2026-09-01T13:30:00+00:00","2026-08-30T19:48:54.934174-03:00"
"2074088b-c278-442c-dce9-08defe2980fd","b573d3dd-a2b0-4011-9bf2-08defe2980fe","Longevidança Ballet 60+","Curso Teórico  - Vivencia Artístico Cultural","2026-11-17T13:30:00+00:00","2026-11-17T15:00:00+00:00","Sala de ensaio 1 - CCSP","Rua Vergueiro, 1000 - Liberdade, São Paulo - SP","2026-09-01T13:30:00+00:00","2026-08-30T19:48:54.934174-03:00"
"2074088b-c278-442c-dce9-08defe2980fd","4bcfb358-9c36-4f47-9bf3-08defe2980fe","Longevidança Ballet 60+","Curso Teórico  - Vivencia Artístico Cultural","2026-11-24T13:30:00+00:00","2026-11-24T15:00:00+00:00","Sala de ensaio 1 - CCSP","Rua Vergueiro, 1000 - Liberdade, São Paulo - SP","2026-09-01T13:30:00+00:00","2026-08-30T19:48:54.934174-03:00"
"7a6be16d-0129-4957-dcf3-08defe2980fd","8d8c8fe2-db23-4859-9c11-08defe2980fe","Thiago Faustino","Palestras e debates","2026-08-19T16:00:00+00:00","2026-08-19T17:00:00+00:00","Casa de Cultura Municipal Santo Amaro - Júlio Guerra","Praça Floriano Peixoto, 131 - Santo Amaro, São Paulo - SP","2026-09-01T16:00:00+00:00","2026-08-30T19:48:54.934174-03:00"
"7a6be16d-0129-4957-dcf3-08defe2980fd","3d434188-3a0a-4f17-9c12-08defe2980fe","Thiago Faustino","Palestras e debates","2026-08-19T18:00:00+00:00","2026-08-19T19:00:00+00:00","Casa de Cultura Municipal Santo Amaro - Júlio Guerra","Praça Floriano Peixoto, 131 - Santo Amaro, São Paulo - SP","2026-09-01T16:00:00+00:00","2026-08-30T19:48:54.934174-03:00"
"7a6be16d-0129-4957-dcf3-08defe2980fd","311e5ab3-0689-4c38-9c13-08defe2980fe","Thiago Faustino","Palestras e debates","2026-09-01T16:00:00+00:00","2026-09-01T17:00:00+00:00","Casa de Cultura Municipal M'Boi Mirim","Avenida Inácio Dias da Silva, s/n - Jardim Santa Edwiges (Capela do Socorro), São Paulo - SP","2026-09-01T16:00:00+00:00","2026-08-30T19:48:54.934174-03:00"
"7a6be16d-0129-4957-dcf3-08defe2980fd","c45a1a2e-f90f-4bcf-9c14-08defe2980fe","Thiago Faustino","Palestras e debates","2026-09-01T18:00:00+00:00","2026-09-01T19:00:00+00:00","Casa de Cultura Municipal M'Boi Mirim","Avenida Inácio Dias da Silva, s/n - Jardim Santa Edwiges (Capela do Socorro), São Paulo - SP","2026-09-01T16:00:00+00:00","2026-08-30T19:48:54.934174-03:00"
"7a6be16d-0129-4957-dcf3-08defe2980fd","df944fe0-5fe0-401d-9c15-08defe2980fe","Thiago Faustino","Palestras e debates","2026-10-01T16:00:00+00:00","2026-10-01T17:00:00+00:00","Casa de Cultura Municipal Santo Amaro - Júlio Guerra","Praça Floriano Peixoto, 131 - Santo Amaro, São Paulo - SP","2026-09-01T16:00:00+00:00","2026-08-30T19:48:54.934174-03:00"
"7a6be16d-0129-4957-dcf3-08defe2980fd","5abeb0df-21b9-40c2-9c16-08defe2980fe","Thiago Faustino","Palestras e debates","2026-10-01T18:00:00+00:00","2026-10-01T19:00:00+00:00","Casa de Cultura Municipal Santo Amaro - Júlio Guerra","Praça Floriano Peixoto, 131 - Santo Amaro, São Paulo - SP","2026-09-01T16:00:00+00:00","2026-08-30T19:48:54.934174-03:00"
"7a6be16d-0129-4957-dcf3-08defe2980fd","fca062fb-4b6e-4df2-9c17-08defe2980fe","Thiago Faustino","Palestras e debates","2026-11-03T16:00:00+00:00","2026-11-03T17:00:00+00:00","Casa de Cultura Municipal M'Boi Mirim","Avenida Inácio Dias da Silva, s/n - Jardim Santa Edwiges (Capela do Socorro), São Paulo - SP","2026-09-01T16:00:00+00:00","2026-08-30T19:48:54.934174-03:00"
"7a6be16d-0129-4957-dcf3-08defe2980fd","e1b32dd0-bdf0-4e05-9c18-08defe2980fe","Thiago Faustino","Palestras e debates","2026-11-03T18:00:00+00:00","2026-11-03T19:00:00+00:00","Casa de Cultura Municipal M'Boi Mirim","Avenida Inácio Dias da Silva, s/n - Jardim Santa Edwiges (Capela do Socorro), São Paulo - SP","2026-09-01T16:00:00+00:00","2026-08-30T19:48:54.934174-03:00"
"7a6be16d-0129-4957-dcf3-08defe2980fd","9731587f-8143-40a4-9c19-08defe2980fe","Thiago Faustino","Palestras e debates","2026-12-01T16:00:00+00:00","2026-12-01T17:00:00+00:00","Casa de Cultura Municipal M'Boi Mirim","Avenida Inácio Dias da Silva, s/n - Jardim Santa Edwiges (Capela do Socorro), São Paulo - SP","2026-09-01T16:00:00+00:00","2026-08-30T19:48:54.934174-03:00"
"7a6be16d-0129-4957-dcf3-08defe2980fd","fdbd06ec-82f7-448d-9c1a-08defe2980fe","Thiago Faustino","Palestras e debates","2026-12-11T16:00:00+00:00","2026-12-11T17:00:00+00:00","Casa de Cultura Municipal Santo Amaro - Júlio Guerra","Praça Floriano Peixoto, 131 - Santo Amaro, São Paulo - SP","2026-09-01T16:00:00+00:00","2026-08-30T19:48:54.934174-03:00"
"7a6be16d-0129-4957-dcf3-08defe2980fd","269d9d19-da39-440c-9c1b-08defe2980fe","Thiago Faustino","Palestras e debates","2026-12-11T18:00:00+00:00","2026-12-11T19:00:00+00:00","Casa de Cultura Municipal Santo Amaro - Júlio Guerra","Praça Floriano Peixoto, 131 - Santo Amaro, São Paulo - SP","2026-09-01T16:00:00+00:00","2026-08-30T19:48:54.934174-03:00"
"7a6be16d-0129-4957-dcf3-08defe2980fd","f89cc95c-84e0-4929-9c1c-08defe2980fe","Thiago Faustino","Palestras e debates","2026-12-01T18:00:00+00:00","2026-12-01T19:00:00+00:00","Casa de Cultura Municipal M'Boi Mirim","Avenida Inácio Dias da Silva, s/n - Jardim Santa Edwiges (Capela do Socorro), São Paulo - SP","2026-09-01T16:00:00+00:00","2026-08-30T19:48:54.934174-03:00"
"1d371e7b-4100-4344-cf38-08df02209eb2","5508911a-cbad-476a-56b3-08df02209eb3","Idiossincrasias Naturais","Exposição","2026-09-01T12:00:00+00:00","2026-10-01T00:00:00+00:00","Casa de Cultura Municipal Hip Hop Leste","R. Sara Kubitscheck, 165 - Cidade Tiradentes, São Paulo - SP","2026-09-01T12:00:00+00:00","2026-08-30T19:48:54.934174-03:00"
"2effb9cb-6b8b-4f53-88f6-08df02205663","53736b6f-3a3f-49ec-41c4-08df02205664","Bainha","Teatro","2026-09-01T22:30:00+00:00","2026-09-02T00:00:00+00:00","Espaço Cênico Ademar Guerra- CCSP","Rua Vergueiro, 1000 - Liberdade, São Paulo - SP","2026-09-01T22:30:00+00:00","2026-08-30T19:48:54.934174-03:00"
"2effb9cb-6b8b-4f53-88f6-08df02205663","4cea51bc-5d5d-4f09-41c5-08df02205664","Bainha","Teatro","2026-09-02T22:30:00+00:00","2026-09-03T00:00:00+00:00","Espaço Cênico Ademar Guerra- CCSP","Rua Vergueiro, 1000 - Liberdade, São Paulo - SP","2026-09-01T22:30:00+00:00","2026-08-30T19:48:54.934174-03:00"
"2effb9cb-6b8b-4f53-88f6-08df02205663","2f52f85c-5caa-49f3-41c6-08df02205664","Bainha","Teatro","2026-09-03T22:30:00+00:00","2026-09-04T00:00:00+00:00","Espaço Cênico Ademar Guerra- CCSP","Rua Vergueiro, 1000 - Liberdade, São Paulo - SP","2026-09-01T22:30:00+00:00","2026-08-30T19:48:54.934174-03:00"
"2effb9cb-6b8b-4f53-88f6-08df02205663","8b9b8881-d99c-467d-41c7-08df02205664","Bainha","Teatro","2026-09-04T22:30:00+00:00","2026-09-05T00:00:00+00:00","Espaço Cênico Ademar Guerra- CCSP","Rua Vergueiro, 1000 - Liberdade, São Paulo - SP","2026-09-01T22:30:00+00:00","2026-08-30T19:48:54.934174-03:00"
"9d5a8f3f-40a3-42ee-cf52-08df02209eb2","5c2bd6fa-e107-46b4-56ed-08df02209eb3","Comunicação de Eventos Culturais: do Planejamento à Memória","Palestras e debates","2026-08-21T16:00:00+00:00","2026-08-21T17:00:00+00:00","Casa de Cultura Municipal do Butantã","Avenida Junta Mizumoto, 13 - Jardim Peri Peri, São Paulo - SP","2026-09-01T16:00:00+00:00","2026-08-30T19:48:54.934174-03:00"
"9d5a8f3f-40a3-42ee-cf52-08df02209eb2","afc818f1-284c-4554-56ee-08df02209eb3","Comunicação de Eventos Culturais: do Planejamento à Memória","Palestras e debates","2026-08-21T18:00:00+00:00","2026-08-21T19:00:00+00:00","Casa de Cultura Municipal do Butantã","Avenida Junta Mizumoto, 13 - Jardim Peri Peri, São Paulo - SP","2026-09-01T16:00:00+00:00","2026-08-30T19:48:54.934174-03:00"
"9d5a8f3f-40a3-42ee-cf52-08df02209eb2","d46ff080-ecb0-472a-56ef-08df02209eb3","Comunicação de Eventos Culturais: do Planejamento à Memória","Palestras e debates","2026-08-21T20:00:00+00:00","2026-08-21T21:00:00+00:00","Casa de Cultura Municipal do Butantã","Avenida Junta Mizumoto, 13 - Jardim Peri Peri, São Paulo - SP","2026-09-01T16:00:00+00:00","2026-08-30T19:48:54.934174-03:00"
"9d5a8f3f-40a3-42ee-cf52-08df02209eb2","5965fff3-17cb-4b8e-56f0-08df02209eb3","Comunicação de Eventos Culturais: do Planejamento à Memória","Palestras e debates","2026-09-01T16:00:00+00:00","2026-09-01T17:00:00+00:00","Casa de Cultura Municipal Itaim Paulista","R. Monte Camberela, 490 - Vila Silva Teles, São Paulo - SP","2026-09-01T16:00:00+00:00","2026-08-30T19:48:54.934174-03:00"
"9d5a8f3f-40a3-42ee-cf52-08df02209eb2","e08dde4b-61b9-4254-56f1-08df02209eb3","Comunicação de Eventos Culturais: do Planejamento à Memória","Palestras e debates","2026-09-01T18:00:00+00:00","2026-09-01T19:00:00+00:00","Casa de Cultura Municipal Itaim Paulista","R. Monte Camberela, 490 - Vila Silva Teles, São Paulo - SP","2026-09-01T16:00:00+00:00","2026-08-30T19:48:54.934174-03:00"
"9d5a8f3f-40a3-42ee-cf52-08df02209eb2","142c6619-6410-4419-56f2-08df02209eb3","Comunicação de Eventos Culturais: do Planejamento à Memória","Palestras e debates","2026-09-01T20:00:00+00:00","2026-09-01T21:00:00+00:00","Casa de Cultura Municipal Itaim Paulista","R. Monte Camberela, 490 - Vila Silva Teles, São Paulo - SP","2026-09-01T16:00:00+00:00","2026-08-30T19:48:54.934174-03:00"
"9d5a8f3f-40a3-42ee-cf52-08df02209eb2","bb7d271d-796a-44a2-56f3-08df02209eb3","Comunicação de Eventos Culturais: do Planejamento à Memória","Palestras e debates","2026-09-08T16:00:00+00:00","2026-09-08T17:00:00+00:00","Casa de Cultura Municipal Vila Guilherme - Casarão","Praça Oscár da Silva, 110 - Vila Guilherme, São Paulo - SP","2026-09-01T16:00:00+00:00","2026-08-30T19:48:54.934174-03:00"
"9d5a8f3f-40a3-42ee-cf52-08df02209eb2","5744529c-e5fe-47a3-56f4-08df02209eb3","Comunicação de Eventos Culturais: do Planejamento à Memória","Palestras e debates","2026-09-08T18:00:00+00:00","2026-09-08T19:00:00+00:00","Casa de Cultura Municipal Vila Guilherme - Casarão","Praça Oscár da Silva, 110 - Vila Guilherme, São Paulo - SP","2026-09-01T16:00:00+00:00","2026-08-30T19:48:54.934174-03:00"
"5a6c1907-98bb-48c8-d255-08dee2a78634","e31a7a6d-a5b0-4b9a-2f85-08dee2a78635","Dança, com Priscilla Paoli dos Santos","Curso Teórico  - Vivencia Artístico Cultural","2026-07-15T15:00:00+00:00","2026-07-15T16:30:00+00:00","Sala Adoniran Barbosa - CCSP","Rua Vergueiro, 960 - Liberdade, São Paulo - SP","2026-09-02T15:00:00+00:00","2026-08-30T19:48:54.934174-03:00"
"5a6c1907-98bb-48c8-d255-08dee2a78634","76be90a4-40f0-4357-2f86-08dee2a78635","Dança, com Priscilla Paoli dos Santos","Curso Teórico  - Vivencia Artístico Cultural","2026-07-22T15:00:00+00:00","2026-07-22T16:30:00+00:00","Sala Adoniran Barbosa - CCSP","Rua Vergueiro, 960 - Liberdade, São Paulo - SP","2026-09-02T15:00:00+00:00","2026-08-30T19:48:54.934174-03:00"
"5a6c1907-98bb-48c8-d255-08dee2a78634","b63c8808-46ad-4965-2f87-08dee2a78635","Dança, com Priscilla Paoli dos Santos","Curso Teórico  - Vivencia Artístico Cultural","2026-07-29T15:00:00+00:00","2026-07-29T16:30:00+00:00","Sala Adoniran Barbosa - CCSP","Rua Vergueiro, 960 - Liberdade, São Paulo - SP","2026-09-02T15:00:00+00:00","2026-08-30T19:48:54.934174-03:00"
"5a6c1907-98bb-48c8-d255-08dee2a78634","339ef55f-6df3-4b34-2f88-08dee2a78635","Dança, com Priscilla Paoli dos Santos","Curso Teórico  - Vivencia Artístico Cultural","2026-08-12T15:00:00+00:00","2026-08-12T16:30:00+00:00","Sala Adoniran Barbosa - CCSP","Rua Vergueiro, 960 - Liberdade, São Paulo - SP","2026-09-02T15:00:00+00:00","2026-08-30T19:48:54.934174-03:00"
"5a6c1907-98bb-48c8-d255-08dee2a78634","a48d1c81-324b-4937-2f89-08dee2a78635","Dança, com Priscilla Paoli dos Santos","Curso Teórico  - Vivencia Artístico Cultural","2026-08-19T15:00:00+00:00","2026-08-19T16:30:00+00:00","Sala Adoniran Barbosa - CCSP","Rua Vergueiro, 960 - Liberdade, São Paulo - SP","2026-09-02T15:00:00+00:00","2026-08-30T19:48:54.934174-03:00"
"5a6c1907-98bb-48c8-d255-08dee2a78634","fb179d2b-0d91-481e-2f8a-08dee2a78635","Dança, com Priscilla Paoli dos Santos","Curso Teórico  - Vivencia Artístico Cultural","2026-08-20T15:00:00+00:00","2026-08-20T16:30:00+00:00","Sala Adoniran Barbosa - CCSP","Rua Vergueiro, 960 - Liberdade, São Paulo - SP","2026-09-02T15:00:00+00:00","2026-08-30T19:48:54.934174-03:00"
"5a6c1907-98bb-48c8-d255-08dee2a78634","eff44e62-566b-458a-2f8b-08dee2a78635","Dança, com Priscilla Paoli dos Santos","Curso Teórico  - Vivencia Artístico Cultural","2026-08-27T15:00:00+00:00","2026-08-27T16:30:00+00:00","Sala Adoniran Barbosa - CCSP","Rua Vergueiro, 960 - Liberdade, São Paulo - SP","2026-09-02T15:00:00+00:00","2026-08-30T19:48:54.934174-03:00"
"5a6c1907-98bb-48c8-d255-08dee2a78634","5a1605b4-3ae8-46ab-2f8c-08dee2a78635","Dança, com Priscilla Paoli dos Santos","Curso Teórico  - Vivencia Artístico Cultural","2026-09-02T15:00:00+00:00","2026-09-02T16:30:00+00:00","Sala Adoniran Barbosa - CCSP","Rua Vergueiro, 960 - Liberdade, São Paulo - SP","2026-09-02T15:00:00+00:00","2026-08-30T19:48:54.934174-03:00"
"5a6c1907-98bb-48c8-d255-08dee2a78634","7cec1763-e778-4aa0-2f8d-08dee2a78635","Dança, com Priscilla Paoli dos Santos","Curso Teórico  - Vivencia Artístico Cultural","2026-09-10T15:00:00+00:00","2026-09-10T16:30:00+00:00","Sala Adoniran Barbosa - CCSP","Rua Vergueiro, 960 - Liberdade, São Paulo - SP","2026-09-02T15:00:00+00:00","2026-08-30T19:48:54.934174-03:00"
"5a6c1907-98bb-48c8-d255-08dee2a78634","de282918-a504-48c1-2f8e-08dee2a78635","Dança, com Priscilla Paoli dos Santos","Curso Teórico  - Vivencia Artístico Cultural","2026-09-16T15:00:00+00:00","2026-09-16T16:30:00+00:00","Sala Adoniran Barbosa - CCSP","Rua Vergueiro, 960 - Liberdade, São Paulo - SP","2026-09-02T15:00:00+00:00","2026-08-30T19:48:54.934174-03:00"
"5a6c1907-98bb-48c8-d255-08dee2a78634","d84fb051-5c2f-4159-2f8f-08dee2a78635","Dança, com Priscilla Paoli dos Santos","Curso Teórico  - Vivencia Artístico Cultural","2026-09-24T15:00:00+00:00","2026-09-24T16:30:00+00:00","Sala Adoniran Barbosa - CCSP","Rua Vergueiro, 960 - Liberdade, São Paulo - SP","2026-09-02T15:00:00+00:00","2026-08-30T19:48:54.934174-03:00"
"88828a08-113d-483d-3cbb-08dee8e271de","4efbe994-7000-462f-09ff-08dee8e271df","Ciclo II de Restauro e Marcenaria","Palestras e debates","2026-08-05T12:00:00+00:00","2026-08-05T16:00:00+00:00","Rua da Consolação, 94 - República, São Paulo - 01302000","Rua da Consolação, 94 - Consolação, São Paulo - SP","2026-09-02T12:00:00+00:00","2026-08-30T19:48:54.934174-03:00"
"88828a08-113d-483d-3cbb-08dee8e271de","e03b0133-7f01-4340-0a00-08dee8e271df","Ciclo II de Restauro e Marcenaria","Palestras e debates","2026-08-12T12:00:00+00:00","2026-08-12T16:00:00+00:00","Rua da Consolação, 94 - República, São Paulo - 01302000","Rua da Consolação, 94 - Consolação, São Paulo - SP","2026-09-02T12:00:00+00:00","2026-08-30T19:48:54.934174-03:00"
"88828a08-113d-483d-3cbb-08dee8e271de","8f59adef-9838-448d-0a01-08dee8e271df","Ciclo II de Restauro e Marcenaria","Palestras e debates","2026-08-19T12:00:00+00:00","2026-08-19T16:00:00+00:00","Rua da Consolação, 94 - República, São Paulo - 01302000","Rua da Consolação, 94 - Consolação, São Paulo - SP","2026-09-02T12:00:00+00:00","2026-08-30T19:48:54.934174-03:00"
"88828a08-113d-483d-3cbb-08dee8e271de","ab3cd6f8-ad8e-4194-0a02-08dee8e271df","Ciclo II de Restauro e Marcenaria","Palestras e debates","2026-08-26T12:00:00+00:00","2026-08-26T16:00:00+00:00","Rua da Consolação, 94 - República, São Paulo - 01302000","Rua da Consolação, 94 - Consolação, São Paulo - SP","2026-09-02T12:00:00+00:00","2026-08-30T19:48:54.934174-03:00"
"88828a08-113d-483d-3cbb-08dee8e271de","ed9c38a2-d383-4467-0a03-08dee8e271df","Ciclo II de Restauro e Marcenaria","Palestras e debates","2026-09-02T12:00:00+00:00","2026-09-02T16:00:00+00:00","Rua da Consolação, 94 - República, São Paulo - 01302000","Rua da Consolação, 94 - Consolação, São Paulo - SP","2026-09-02T12:00:00+00:00","2026-08-30T19:48:54.934174-03:00"
"c8954fa1-ea0b-4e8e-88fd-08df02205663","01a9a238-375a-418d-41db-08df02205664","Palestra sobre o filme Mulheres Artista: Subvertendo a Submissão","Palestras e debates","2026-09-02T23:00:00+00:00","2026-09-03T00:00:00+00:00","Rua da Consolação, 94 - República, São Paulo - 01302000","Rua da Consolação, 94 - Consolação, São Paulo - SP","2026-09-02T23:00:00+00:00","2026-08-30T19:48:54.934174-03:00"
"48681f39-0b98-40c8-2ab8-08def8952763","8f545343-598f-4e54-ffaf-08def8952763","Curso Teórico Passinho Charme","Curso Teórico  - Vivencia Artístico Cultural","2026-08-06T22:30:00+00:00","2026-08-07T00:00:00+00:00","Sala de ensaio 1 - CCSP","Rua Vergueiro, 1000 - Liberdade, São Paulo - SP","2026-09-03T22:30:00+00:00","2026-08-30T19:48:54.934174-03:00"
"48681f39-0b98-40c8-2ab8-08def8952763","541a632b-56df-4871-ffb0-08def8952763","Curso Teórico Passinho Charme","Curso Teórico  - Vivencia Artístico Cultural","2026-08-11T22:30:00+00:00","2026-08-12T00:00:00+00:00","Sala de ensaio 1 - CCSP","Rua Vergueiro, 1000 - Liberdade, São Paulo - SP","2026-09-03T22:30:00+00:00","2026-08-30T19:48:54.934174-03:00"
"48681f39-0b98-40c8-2ab8-08def8952763","e90697c2-7c8b-45d1-ffb1-08def8952763","Curso Teórico Passinho Charme","Curso Teórico  - Vivencia Artístico Cultural","2026-08-18T22:30:00+00:00","2026-08-19T00:00:00+00:00","Sala de ensaio 1 - CCSP","Rua Vergueiro, 1000 - Liberdade, São Paulo - SP","2026-09-03T22:30:00+00:00","2026-08-30T19:48:54.934174-03:00"
"48681f39-0b98-40c8-2ab8-08def8952763","a1d1e758-a0c9-41cb-ffb2-08def8952763","Curso Teórico Passinho Charme","Curso Teórico  - Vivencia Artístico Cultural","2026-08-27T22:30:00+00:00","2026-08-28T00:00:00+00:00","Sala de ensaio 1 - CCSP","Rua Vergueiro, 1000 - Liberdade, São Paulo - SP","2026-09-03T22:30:00+00:00","2026-08-30T19:48:54.934174-03:00"
"48681f39-0b98-40c8-2ab8-08def8952763","9be8c385-511d-48b3-ffb3-08def8952763","Curso Teórico Passinho Charme","Curso Teórico  - Vivencia Artístico Cultural","2026-09-03T22:30:00+00:00","2026-09-04T00:00:00+00:00","Sala de ensaio 1 - CCSP","Rua Vergueiro, 1000 - Liberdade, São Paulo - SP","2026-09-03T22:30:00+00:00","2026-08-30T19:48:54.934174-03:00"
"48681f39-0b98-40c8-2ab8-08def8952763","adc053d1-b8c8-4aba-ffb4-08def8952763","Curso Teórico Passinho Charme","Curso Teórico  - Vivencia Artístico Cultural","2026-09-10T22:30:00+00:00","2026-09-11T00:00:00+00:00","Sala de ensaio 1 - CCSP","Rua Vergueiro, 1000 - Liberdade, São Paulo - SP","2026-09-03T22:30:00+00:00","2026-08-30T19:48:54.934174-03:00"
"48681f39-0b98-40c8-2ab8-08def8952763","08475548-ce38-4ab6-ffb5-08def8952763","Curso Teórico Passinho Charme","Curso Teórico  - Vivencia Artístico Cultural","2026-09-17T22:30:00+00:00","2026-09-18T00:00:00+00:00","Sala de ensaio 1 - CCSP","Rua Vergueiro, 1000 - Liberdade, São Paulo - SP","2026-09-03T22:30:00+00:00","2026-08-30T19:48:54.934174-03:00"
"48681f39-0b98-40c8-2ab8-08def8952763","eab56442-2a43-41fd-ffb6-08def8952763","Curso Teórico Passinho Charme","Curso Teórico  - Vivencia Artístico Cultural","2026-09-24T22:30:00+00:00","2026-09-25T00:00:00+00:00","Sala de ensaio 1 - CCSP","Rua Vergueiro, 1000 - Liberdade, São Paulo - SP","2026-09-03T22:30:00+00:00","2026-08-30T19:48:54.934174-03:00"
"4d10c1a2-9ea1-41d6-cf46-08df02209eb2","88f83381-9df2-4fd0-56d8-08df02209eb3","DJ Zeme","Palestras e debates","2026-09-03T17:00:00+00:00","2026-09-03T18:00:00+00:00","Casa de Cultura Municipal do Butantã","Avenida Junta Mizumoto, 13 - Jardim Peri Peri, São Paulo - SP","2026-09-03T17:00:00+00:00","2026-08-30T19:48:54.934174-03:00"
"4d10c1a2-9ea1-41d6-cf46-08df02209eb2","af5d6bea-b99f-4b59-56d9-08df02209eb3","DJ Zeme","Palestras e debates","2026-09-10T17:00:00+00:00","2026-09-10T18:00:00+00:00","Casa de Cultura Municipal do Butantã","Avenida Junta Mizumoto, 13 - Jardim Peri Peri, São Paulo - SP","2026-09-03T17:00:00+00:00","2026-08-30T19:48:54.934174-03:00"
"4d10c1a2-9ea1-41d6-cf46-08df02209eb2","c068ce87-f28c-44fd-56da-08df02209eb3","DJ Zeme","Palestras e debates","2026-09-17T17:00:00+00:00","2026-09-17T18:00:00+00:00","Casa de Cultura Municipal do Butantã","Avenida Junta Mizumoto, 13 - Jardim Peri Peri, São Paulo - SP","2026-09-03T17:00:00+00:00","2026-08-30T19:48:54.934174-03:00"
"4d10c1a2-9ea1-41d6-cf46-08df02209eb2","5db709ae-f8a3-4a95-56db-08df02209eb3","DJ Zeme","Palestras e debates","2026-09-24T17:00:00+00:00","2026-09-24T18:00:00+00:00","Casa de Cultura Municipal do Butantã","Avenida Junta Mizumoto, 13 - Jardim Peri Peri, São Paulo - SP","2026-09-03T17:00:00+00:00","2026-08-30T19:48:54.934174-03:00"
"4d10c1a2-9ea1-41d6-cf46-08df02209eb2","581594f9-5eeb-484f-56dc-08df02209eb3","DJ Zeme","Palestras e debates","2026-10-01T17:00:00+00:00","2026-10-01T18:00:00+00:00","Casa de Cultura Municipal do Butantã","Avenida Junta Mizumoto, 13 - Jardim Peri Peri, São Paulo - SP","2026-09-03T17:00:00+00:00","2026-08-30T19:48:54.934174-03:00"
"4d10c1a2-9ea1-41d6-cf46-08df02209eb2","6b6c9c80-cf97-45a6-56dd-08df02209eb3","DJ Zeme","Palestras e debates","2026-10-08T17:00:00+00:00","2026-10-08T18:00:00+00:00","Casa de Cultura Municipal do Butantã","Avenida Junta Mizumoto, 13 - Jardim Peri Peri, São Paulo - SP","2026-09-03T17:00:00+00:00","2026-08-30T19:48:54.934174-03:00"
"4d10c1a2-9ea1-41d6-cf46-08df02209eb2","d45fce24-cb67-49cb-56de-08df02209eb3","DJ Zeme","Palestras e debates","2026-10-15T17:00:00+00:00","2026-10-15T18:00:00+00:00","Casa de Cultura Municipal do Butantã","Avenida Junta Mizumoto, 13 - Jardim Peri Peri, São Paulo - SP","2026-09-03T17:00:00+00:00","2026-08-30T19:48:54.934174-03:00"
"4d10c1a2-9ea1-41d6-cf46-08df02209eb2","2439ea25-5aa1-4d8c-56df-08df02209eb3","DJ Zeme","Palestras e debates","2026-10-22T17:00:00+00:00","2026-10-22T18:00:00+00:00","Casa de Cultura Municipal do Butantã","Avenida Junta Mizumoto, 13 - Jardim Peri Peri, São Paulo - SP","2026-09-03T17:00:00+00:00","2026-08-30T19:48:54.934174-03:00"
"87c01a87-2ff5-4373-3cde-08dee8e271de","8266a829-977c-4dac-0a37-08dee8e271df","Sextou Samba Rock","Curso Teórico  - Vivencia Artístico Cultural","2026-07-17T22:30:00+00:00","2026-07-18T00:00:00+00:00","Sala de ensaio 1 - CCSP","Rua Vergueiro, 1000 - Liberdade, São Paulo - SP","2026-09-04T22:30:00+00:00","2026-08-30T19:48:54.934174-03:00"
"87c01a87-2ff5-4373-3cde-08dee8e271de","b647528e-f133-4fa8-0a38-08dee8e271df","Sextou Samba Rock","Curso Teórico  - Vivencia Artístico Cultural","2026-07-24T22:30:00+00:00","2026-07-25T00:00:00+00:00","Sala de ensaio 1 - CCSP","Rua Vergueiro, 1000 - Liberdade, São Paulo - SP","2026-09-04T22:30:00+00:00","2026-08-30T19:48:54.934174-03:00"
"87c01a87-2ff5-4373-3cde-08dee8e271de","011fedbc-927d-4d3b-0a39-08dee8e271df","Sextou Samba Rock","Curso Teórico  - Vivencia Artístico Cultural","2026-07-31T22:30:00+00:00","2026-08-01T00:00:00+00:00","Sala de ensaio 1 - CCSP","Rua Vergueiro, 1000 - Liberdade, São Paulo - SP","2026-09-04T22:30:00+00:00","2026-08-30T19:48:54.934174-03:00"
"87c01a87-2ff5-4373-3cde-08dee8e271de","1baf7928-a830-48e5-0a3a-08dee8e271df","Sextou Samba Rock","Curso Teórico  - Vivencia Artístico Cultural","2026-08-07T22:30:00+00:00","2026-08-08T00:00:00+00:00","Sala de ensaio 1 - CCSP","Rua Vergueiro, 1000 - Liberdade, São Paulo - SP","2026-09-04T22:30:00+00:00","2026-08-30T19:48:54.934174-03:00"
"87c01a87-2ff5-4373-3cde-08dee8e271de","046b08b2-c2a3-4afc-0a3b-08dee8e271df","Sextou Samba Rock","Curso Teórico  - Vivencia Artístico Cultural","2026-08-14T22:30:00+00:00","2026-08-15T00:00:00+00:00","Sala de ensaio 1 - CCSP","Rua Vergueiro, 1000 - Liberdade, São Paulo - SP","2026-09-04T22:30:00+00:00","2026-08-30T19:48:54.934174-03:00"
"87c01a87-2ff5-4373-3cde-08dee8e271de","ded03ba0-8459-4d39-0a3c-08dee8e271df","Sextou Samba Rock","Curso Teórico  - Vivencia Artístico Cultural","2026-08-21T13:30:00+00:00","2026-08-21T15:00:00+00:00","Sala de ensaio 1 - CCSP","Rua Vergueiro, 1000 - Liberdade, São Paulo - SP","2026-09-04T22:30:00+00:00","2026-08-30T19:48:54.934174-03:00"
"87c01a87-2ff5-4373-3cde-08dee8e271de","e2502184-a2a0-47fe-0a3d-08dee8e271df","Sextou Samba Rock","Curso Teórico  - Vivencia Artístico Cultural","2026-08-28T22:30:00+00:00","2026-08-29T00:00:00+00:00","Sala de ensaio 1 - CCSP","Rua Vergueiro, 1000 - Liberdade, São Paulo - SP","2026-09-04T22:30:00+00:00","2026-08-30T19:48:54.934174-03:00"
"87c01a87-2ff5-4373-3cde-08dee8e271de","c616bb85-de2b-49e0-0a3e-08dee8e271df","Sextou Samba Rock","Curso Teórico  - Vivencia Artístico Cultural","2026-09-04T22:30:00+00:00","2026-09-05T00:00:00+00:00","Sala de ensaio 1 - CCSP","Rua Vergueiro, 1000 - Liberdade, São Paulo - SP","2026-09-04T22:30:00+00:00","2026-08-30T19:48:54.934174-03:00"
"87c01a87-2ff5-4373-3cde-08dee8e271de","ec7c1d29-3fa6-47bc-0a3f-08dee8e271df","Sextou Samba Rock","Curso Teórico  - Vivencia Artístico Cultural","2026-09-11T22:30:00+00:00","2026-09-12T00:00:00+00:00","Sala de ensaio 1 - CCSP","Rua Vergueiro, 1000 - Liberdade, São Paulo - SP","2026-09-04T22:30:00+00:00","2026-08-30T19:48:54.934174-03:00"
"87c01a87-2ff5-4373-3cde-08dee8e271de","eaded20b-49c1-44d7-0a40-08dee8e271df","Sextou Samba Rock","Curso Teórico  - Vivencia Artístico Cultural","2026-09-18T22:30:00+00:00","2026-09-19T00:00:00+00:00","Sala de ensaio 1 - CCSP","Rua Vergueiro, 1000 - Liberdade, São Paulo - SP","2026-09-04T22:30:00+00:00","2026-08-30T19:48:54.934174-03:00"
"87c01a87-2ff5-4373-3cde-08dee8e271de","3bcc8ada-d41e-46d7-0a41-08dee8e271df","Sextou Samba Rock","Curso Teórico  - Vivencia Artístico Cultural","2026-09-25T22:30:00+00:00","2026-09-26T00:00:00+00:00","Sala de ensaio 1 - CCSP","Rua Vergueiro, 1000 - Liberdade, São Paulo - SP","2026-09-04T22:30:00+00:00","2026-08-30T19:48:54.934174-03:00"
"d2223847-1aa7-4e06-b6b7-08def8960f4a","90a9766f-069d-4db0-b97d-08def8960f4b","Ziraldo, Palhaços e Histórias - Grupo Bota Fulô","Contação de histórias","2026-09-04T13:00:00+00:00","2026-09-04T14:00:00+00:00","Centro Cultural Santo Amaro","Avenida João Dias, 822 - Santo Amaro, São Paulo - SP","2026-09-04T13:00:00+00:00","2026-08-30T19:48:54.934174-03:00"
"d2223847-1aa7-4e06-b6b7-08def8960f4a","283872ea-6464-4126-b97e-08def8960f4b","Ziraldo, Palhaços e Histórias - Grupo Bota Fulô","Contação de histórias","2026-09-04T18:00:00+00:00","2026-09-04T19:00:00+00:00","Centro Cultural Santo Amaro","Avenida João Dias, 822 - Santo Amaro, São Paulo - SP","2026-09-04T13:00:00+00:00","2026-08-30T19:48:54.934174-03:00"
"a01018e0-5390-4c2e-b6c5-08def8960f4a","cad7c4b0-911f-4edb-b98e-08def8960f4b","Dj Daniel Juca","Espetáculo Musical/Show","2026-09-04T16:30:00+00:00","2026-09-04T17:30:00+00:00","Rua da Consolação, 94 - República, São Paulo - 01302000","Rua da Consolação, 94 - Consolação, São Paulo - SP","2026-09-04T16:30:00+00:00","2026-08-30T19:48:54.934174-03:00"
"cf83d6e1-d5a5-4773-b6cf-08def8960f4a","c9bb995c-8479-4cc9-b99e-08def8960f4b","Udub 420 Session & Amplification","Espetáculo Musical/Show","2026-09-04T15:30:00+00:00","2026-09-04T16:30:00+00:00","Rua da Consolação, 94 - República, São Paulo - 01302000","Rua da Consolação, 94 - Consolação, São Paulo - SP","2026-09-04T15:30:00+00:00","2026-08-30T19:48:54.934174-03:00"
"988be194-1e1f-403f-2ac8-08def8952763","f7b43766-6d1f-4402-ffce-08def8952763","História em Quadrinhos","Palestras e debates","2026-09-04T20:00:00+00:00","2026-09-04T21:30:00+00:00","Rua da Consolação, 94 - República, São Paulo - 01302000","Rua da Consolação, 94 - Consolação, São Paulo - SP","2026-09-04T20:00:00+00:00","2026-08-30T19:48:54.934174-03:00"
"988be194-1e1f-403f-2ac8-08def8952763","fe62159a-ad9c-4abb-ffcf-08def8952763","História em Quadrinhos","Palestras e debates","2026-09-04T22:00:00+00:00","2026-09-04T23:00:00+00:00","Rua da Consolação, 94 - República, São Paulo - 01302000","Rua da Consolação, 94 - Consolação, São Paulo - SP","2026-09-04T20:00:00+00:00","2026-08-30T19:48:54.934174-03:00"
"cb399904-3489-4641-5224-08defe29698d","5f0e3559-bc41-4e83-d6a2-08defe29698d","Mediação - HQ | Pindaíba Sound System - mediação de bate-papo","Palestras e debates","2026-09-04T22:00:00+00:00","2026-09-04T23:00:00+00:00","Rua da Consolação, 94 - República, São Paulo - 01302000","Rua da Consolação, 94 - Consolação, São Paulo - SP","2026-09-04T22:00:00+00:00","2026-08-30T19:48:54.934174-03:00"
"f1e37ee8-3bf3-40ce-dcf8-08defe2980fd","b89f44f5-810f-4374-9c28-08defe2980fe","Mágico Lira","Performance","2026-09-04T17:00:00+00:00","2026-09-04T18:00:00+00:00","Casa de Cultura Municipal do Campo Limpo - Dora Nascimento","Rua Aroldo de Azevedo, 100 - Jardim Bom Refúgio, São Paulo - SP","2026-09-04T17:00:00+00:00","2026-08-30T19:48:54.934174-03:00"
"29ac4903-9a4c-4b1e-cf43-08df02209eb2","85cb8c25-56aa-4f13-56be-08df02209eb3","O Nariz Espetado no Chão","Teatro","2026-08-21T00:00:00+00:00","2026-08-21T01:00:00+00:00","Sala Multiuso do Teatro Arthur Azevedo","Avenida Paes de Barros, 955 - Mooca, São Paulo - SP","2026-09-04T00:00:00+00:00","2026-08-30T19:48:54.934174-03:00"
"29ac4903-9a4c-4b1e-cf43-08df02209eb2","5bc3b1ae-467b-4fca-56bf-08df02209eb3","O Nariz Espetado no Chão","Teatro","2026-08-22T00:00:00+00:00","2026-08-22T01:00:00+00:00","Sala Multiuso do Teatro Arthur Azevedo","Avenida Paes de Barros, 955 - Mooca, São Paulo - SP","2026-09-04T00:00:00+00:00","2026-08-30T19:48:54.934174-03:00"
"29ac4903-9a4c-4b1e-cf43-08df02209eb2","dd12d3a0-46fc-49e7-56c0-08df02209eb3","O Nariz Espetado no Chão","Teatro","2026-08-23T00:00:00+00:00","2026-08-23T01:20:00+00:00","Sala Multiuso do Teatro Arthur Azevedo","Avenida Paes de Barros, 955 - Mooca, São Paulo - SP","2026-09-04T00:00:00+00:00","2026-08-30T19:48:54.934174-03:00"
"29ac4903-9a4c-4b1e-cf43-08df02209eb2","19e0dffd-54bc-4efc-56c1-08df02209eb3","O Nariz Espetado no Chão","Teatro","2026-08-23T21:00:00+00:00","2026-08-23T22:00:00+00:00","Sala Multiuso do Teatro Arthur Azevedo","Avenida Paes de Barros, 955 - Mooca, São Paulo - SP","2026-09-04T00:00:00+00:00","2026-08-30T19:48:54.934174-03:00"
"29ac4903-9a4c-4b1e-cf43-08df02209eb2","9a4cb5a3-5736-40ac-56c2-08df02209eb3","O Nariz Espetado no Chão","Teatro","2026-08-28T00:00:00+00:00","2026-08-28T01:00:00+00:00","Sala Multiuso do Teatro Arthur Azevedo","Avenida Paes de Barros, 955 - Mooca, São Paulo - SP","2026-09-04T00:00:00+00:00","2026-08-30T19:48:54.934174-03:00"
"29ac4903-9a4c-4b1e-cf43-08df02209eb2","2e71d764-8d67-4a4e-56c3-08df02209eb3","O Nariz Espetado no Chão","Teatro","2026-08-29T00:00:00+00:00","2026-08-29T01:00:00+00:00","Sala Multiuso do Teatro Arthur Azevedo","Avenida Paes de Barros, 955 - Mooca, São Paulo - SP","2026-09-04T00:00:00+00:00","2026-08-30T19:48:54.934174-03:00"
"29ac4903-9a4c-4b1e-cf43-08df02209eb2","c82e6988-554c-4bc2-56c4-08df02209eb3","O Nariz Espetado no Chão","Teatro","2026-08-30T00:00:00+00:00","2026-08-30T01:00:00+00:00","Sala Multiuso do Teatro Arthur Azevedo","Avenida Paes de Barros, 955 - Mooca, São Paulo - SP","2026-09-04T00:00:00+00:00","2026-08-30T19:48:54.934174-03:00"
"29ac4903-9a4c-4b1e-cf43-08df02209eb2","96ffd963-8a99-4dc5-56c5-08df02209eb3","O Nariz Espetado no Chão","Teatro","2026-08-30T21:00:00+00:00","2026-08-30T22:00:00+00:00","Sala Multiuso do Teatro Arthur Azevedo","Avenida Paes de Barros, 955 - Mooca, São Paulo - SP","2026-09-04T00:00:00+00:00","2026-08-30T19:48:54.934174-03:00"
"29ac4903-9a4c-4b1e-cf43-08df02209eb2","810c8038-e839-4dbd-56c6-08df02209eb3","O Nariz Espetado no Chão","Teatro","2026-09-04T00:00:00+00:00","2026-09-04T01:00:00+00:00","Sala Multiuso do Teatro Arthur Azevedo","Avenida Paes de Barros, 955 - Mooca, São Paulo - SP","2026-09-04T00:00:00+00:00","2026-08-30T19:48:54.934174-03:00"
"29ac4903-9a4c-4b1e-cf43-08df02209eb2","f1ec8b95-8549-44f1-56c7-08df02209eb3","O Nariz Espetado no Chão","Teatro","2026-09-05T00:00:00+00:00","2026-09-05T01:00:00+00:00","Sala Multiuso do Teatro Arthur Azevedo","Avenida Paes de Barros, 955 - Mooca, São Paulo - SP","2026-09-04T00:00:00+00:00","2026-08-30T19:48:54.934174-03:00"
"29ac4903-9a4c-4b1e-cf43-08df02209eb2","d02c9bc2-4b33-4100-56c8-08df02209eb3","O Nariz Espetado no Chão","Teatro","2026-09-06T00:00:00+00:00","2026-09-06T01:00:00+00:00","Sala Multiuso do Teatro Arthur Azevedo","Avenida Paes de Barros, 955 - Mooca, São Paulo - SP","2026-09-04T00:00:00+00:00","2026-08-30T19:48:54.934174-03:00"
"29ac4903-9a4c-4b1e-cf43-08df02209eb2","6e89edca-1dd8-416c-56c9-08df02209eb3","O Nariz Espetado no Chão","Teatro","2026-09-06T21:00:00+00:00","2026-09-06T22:00:00+00:00","Sala Multiuso do Teatro Arthur Azevedo","Avenida Paes de Barros, 955 - Mooca, São Paulo - SP","2026-09-04T00:00:00+00:00","2026-08-30T19:48:54.934174-03:00"
"29ac4903-9a4c-4b1e-cf43-08df02209eb2","af0c277a-bd9e-4e10-56ca-08df02209eb3","O Nariz Espetado no Chão","Teatro","2026-09-11T00:00:00+00:00","2026-09-11T01:00:00+00:00","Sala Multiuso do Teatro Arthur Azevedo","Avenida Paes de Barros, 955 - Mooca, São Paulo - SP","2026-09-04T00:00:00+00:00","2026-08-30T19:48:54.934174-03:00"
"29ac4903-9a4c-4b1e-cf43-08df02209eb2","42fcf825-c9de-4c4d-56cb-08df02209eb3","O Nariz Espetado no Chão","Teatro","2026-09-12T00:00:00+00:00","2026-09-12T01:00:00+00:00","Sala Multiuso do Teatro Arthur Azevedo","Avenida Paes de Barros, 955 - Mooca, São Paulo - SP","2026-09-04T00:00:00+00:00","2026-08-30T19:48:54.934174-03:00"
"29ac4903-9a4c-4b1e-cf43-08df02209eb2","a0dde673-df69-442f-56cc-08df02209eb3","O Nariz Espetado no Chão","Teatro","2026-09-13T00:00:00+00:00","2026-09-13T01:00:00+00:00","Sala Multiuso do Teatro Arthur Azevedo","Avenida Paes de Barros, 955 - Mooca, São Paulo - SP","2026-09-04T00:00:00+00:00","2026-08-30T19:48:54.934174-03:00"
"29ac4903-9a4c-4b1e-cf43-08df02209eb2","d279449d-bc8b-480b-56cd-08df02209eb3","O Nariz Espetado no Chão","Teatro","2026-09-13T21:00:00+00:00","2026-09-13T22:00:00+00:00","Sala Multiuso do Teatro Arthur Azevedo","Avenida Paes de Barros, 955 - Mooca, São Paulo - SP","2026-09-04T00:00:00+00:00","2026-08-30T19:48:54.934174-03:00"
"29ac4903-9a4c-4b1e-cf43-08df02209eb2","3368cc63-bcbe-44ec-56ce-08df02209eb3","O Nariz Espetado no Chão","Teatro","2026-09-18T00:00:00+00:00","2026-09-18T01:00:00+00:00","Sala Multiuso do Teatro Arthur Azevedo","Avenida Paes de Barros, 955 - Mooca, São Paulo - SP","2026-09-04T00:00:00+00:00","2026-08-30T19:48:54.934174-03:00"
"29ac4903-9a4c-4b1e-cf43-08df02209eb2","6ace3882-e5e4-40f6-56cf-08df02209eb3","O Nariz Espetado no Chão","Teatro","2026-09-19T00:00:00+00:00","2026-09-19T01:00:00+00:00","Sala Multiuso do Teatro Arthur Azevedo","Avenida Paes de Barros, 955 - Mooca, São Paulo - SP","2026-09-04T00:00:00+00:00","2026-08-30T19:48:54.934174-03:00"
"29ac4903-9a4c-4b1e-cf43-08df02209eb2","35609c85-ab80-474c-56d0-08df02209eb3","O Nariz Espetado no Chão","Teatro","2026-09-20T00:00:00+00:00","2026-09-20T01:00:00+00:00","Sala Multiuso do Teatro Arthur Azevedo","Avenida Paes de Barros, 955 - Mooca, São Paulo - SP","2026-09-04T00:00:00+00:00","2026-08-30T19:48:54.934174-03:00"
"29ac4903-9a4c-4b1e-cf43-08df02209eb2","13524414-9fd6-49f8-56d1-08df02209eb3","O Nariz Espetado no Chão","Teatro","2026-09-20T21:00:00+00:00","2026-09-20T22:00:00+00:00","Sala Multiuso do Teatro Arthur Azevedo","Avenida Paes de Barros, 955 - Mooca, São Paulo - SP","2026-09-04T00:00:00+00:00","2026-08-30T19:48:54.934174-03:00"
"29ac4903-9a4c-4b1e-cf43-08df02209eb2","b0fd1aa3-5be4-4dcf-56d2-08df02209eb3","O Nariz Espetado no Chão","Teatro","2026-09-25T00:00:00+00:00","2026-09-25T01:00:00+00:00","Sala Multiuso do Teatro Arthur Azevedo","Avenida Paes de Barros, 955 - Mooca, São Paulo - SP","2026-09-04T00:00:00+00:00","2026-08-30T19:48:54.934174-03:00"
"29ac4903-9a4c-4b1e-cf43-08df02209eb2","10a9390e-345a-4de5-56d3-08df02209eb3","O Nariz Espetado no Chão","Teatro","2026-09-26T00:00:00+00:00","2026-09-26T01:00:00+00:00","Sala Multiuso do Teatro Arthur Azevedo","Avenida Paes de Barros, 955 - Mooca, São Paulo - SP","2026-09-04T00:00:00+00:00","2026-08-30T19:48:54.934174-03:00"
"29ac4903-9a4c-4b1e-cf43-08df02209eb2","326b2885-a62d-4a8f-56d4-08df02209eb3","O Nariz Espetado no Chão","Teatro","2026-09-27T00:00:00+00:00","2026-09-27T01:00:00+00:00","Sala Multiuso do Teatro Arthur Azevedo","Avenida Paes de Barros, 955 - Mooca, São Paulo - SP","2026-09-04T00:00:00+00:00","2026-08-30T19:48:54.934174-03:00"
"29ac4903-9a4c-4b1e-cf43-08df02209eb2","8efbcc62-86e2-42eb-56d5-08df02209eb3","O Nariz Espetado no Chão","Teatro","2026-09-27T21:00:00+00:00","2026-09-27T22:00:00+00:00","Sala Multiuso do Teatro Arthur Azevedo","Avenida Paes de Barros, 955 - Mooca, São Paulo - SP","2026-09-04T00:00:00+00:00","2026-08-30T19:48:54.934174-03:00"
"7ae43e27-7c11-4429-f033-08deee7cc0f5","f4f627c4-18d7-4c5e-7c4c-08deee7cc0f7","Modelo vivo","Modelo Vivo","2026-08-15T17:00:00+00:00","2026-08-15T20:00:00+00:00","Chácara Lane - MCSP","Rua da Consolação, 1024 - Consolação, São Paulo - SP","2026-09-05T17:00:00+00:00","2026-08-30T19:48:54.934174-03:00"
"7ae43e27-7c11-4429-f033-08deee7cc0f5","9d82cc89-9272-4032-7c4d-08deee7cc0f7","Modelo vivo","Modelo Vivo","2026-08-22T17:00:00+00:00","2026-08-22T20:00:00+00:00","Chácara Lane - MCSP","Rua da Consolação, 1024 - Consolação, São Paulo - SP","2026-09-05T17:00:00+00:00","2026-08-30T19:48:54.934174-03:00"
"7ae43e27-7c11-4429-f033-08deee7cc0f5","1a1e9e83-0da5-459a-7c4e-08deee7cc0f7","Modelo vivo","Modelo Vivo","2026-09-05T17:00:00+00:00","2026-09-05T20:00:00+00:00","Chácara Lane - MCSP","Rua da Consolação, 1024 - Consolação, São Paulo - SP","2026-09-05T17:00:00+00:00","2026-08-30T19:48:54.934174-03:00"
"c0ae2447-6de5-419d-2a98-08def8952763","5d467933-f6ce-4818-ff88-08def8952763","Videoclipe Antes do Rec","Curso Teórico  - Vivencia Artístico Cultural","2026-09-05T16:30:00+00:00","2026-09-26T19:30:00+00:00","Museu da Cidade de São Paulo / Solar da Marquesa de Santos","Rua Roberto Simonsen, 136 - Centro Histórico de São Paulo, São Paulo - SP","2026-09-05T16:30:00+00:00","2026-08-30T19:48:54.934174-03:00"
"a90e1d3f-599f-4314-b6c0-08def8960f4a","fbe2ed28-73e5-4f9e-b988-08def8960f4b","Favela Raw","Exposição","2026-09-05T03:00:00+00:00","2026-10-05T02:59:59+00:00","Centro Cultural Grajaú","Rua Professor Oscar Barreto Filho, 252 - Parque América, São Paulo - SP","2026-09-05T03:00:00+00:00","2026-08-30T19:48:54.934174-03:00"
"ce508468-7a34-4d8f-b6d1-08def8960f4a","b9049131-3b17-4ea8-b9a2-08def8960f4b","Sambossa Groove Show","Espetáculo Musical / Show","2026-09-05T18:00:00+00:00","2026-09-05T19:00:00+00:00","Casa de Cultura Municipal Santo Amaro - Júlio Guerra","Praça Floriano Peixoto, 131 - Santo Amaro, São Paulo - SP","2026-09-05T18:00:00+00:00","2026-08-30T19:48:54.934174-03:00"
"34d51285-bf8f-41e1-5215-08defe29698d","0c0772e3-a126-4ac9-d68e-08defe29698d","Nascimento – Bloco Maria Maria em Homenagem a Milton Nascimento","Espetáculo Musical / Show","2026-09-05T22:00:00+00:00","2026-09-05T23:00:00+00:00","Centro Cultural Vila Itororó","Rua Maestro Cardim, 60 - Bela Vista, São Paulo - SP","2026-09-05T22:00:00+00:00","2026-08-30T19:48:54.934174-03:00"
"dea8bc97-5171-4af8-dcfd-08defe2980fd","55670566-5b5a-4961-9c2f-08defe2980fe","Alexandre Cuba - Carreira Solo","Espetáculo Musical/Show","2026-09-05T19:00:00+00:00","2026-09-05T20:00:00+00:00","Centro Cultural Santo Amaro","Avenida João Dias, 822 - Santo Amaro, São Paulo - SP","2026-09-05T19:00:00+00:00","2026-08-30T19:48:54.934174-03:00"
"70f073cc-f70b-4b9d-cf3c-08df02209eb2","52d9d960-0036-4eee-56b7-08df02209eb3","Videoclipe Antes do Rec","Curso Teórico  - Vivencia Artístico Cultural","2026-09-05T16:30:00+00:00","2026-09-26T19:30:00+00:00","Museu da Cidade de São Paulo / Solar da Marquesa de Santos","Rua Roberto Simonsen, 136 - Centro Histórico de São Paulo, São Paulo - SP","2026-09-05T16:30:00+00:00","2026-08-30T19:48:54.934174-03:00"
"b99736d6-62c1-4eec-cf47-08df02209eb2","f2f91404-2cc8-4b5d-56e0-08df02209eb3","[Bala_vras] - Poesia ao vivo","Sarau","2026-09-05T17:00:00+00:00","2026-09-05T20:00:00+00:00","Av. Olavo Fontoura, 1209 - Parque Anhembi - São Paulo - SP, 02510-000.","Rua Anita Malfatti, s/n - Vila Baruel, São Paulo - SP","2026-09-05T17:00:00+00:00","2026-08-30T19:48:54.934174-03:00"
"b99736d6-62c1-4eec-cf47-08df02209eb2","fab539b7-4b1f-465b-56e1-08df02209eb3","[Bala_vras] - Poesia ao vivo","Sarau","2026-09-06T16:00:00+00:00","2026-09-06T19:00:00+00:00","Av. Olavo Fontoura, 1209 - Parque Anhembi - São Paulo - SP, 02510-000.","Rua Anita Malfatti, s/n - Vila Baruel, São Paulo - SP","2026-09-05T17:00:00+00:00","2026-08-30T19:48:54.934174-03:00"
"e7a4b404-d8e2-496b-88fa-08df02205663","3f696fcc-f96d-4b64-41d8-08df02205664","Grace Groove","Espetáculo Musical / Show","2026-09-05T21:00:00+00:00","2026-09-06T00:00:00+00:00","Casa de Cultura Municipal São Rafael","R. Quaresma Delgado, 354 - Jardim Vera Cruz, São Paulo - SP","2026-09-05T21:00:00+00:00","2026-08-30T19:48:54.934174-03:00"
"cb54630b-65b5-49be-cf4b-08df02209eb2","5f2195d8-5023-4f77-56e5-08df02209eb3","Sons da Colina","Intervenção Artística Musical","2026-09-05T21:30:00+00:00","2026-09-05T22:30:00+00:00","Centro Cultural da Penha","Largo do Rosário, 20 - Penha de França, São Paulo - SP","2026-09-05T21:30:00+00:00","2026-08-30T19:48:54.934174-03:00"
"c71ae34c-dcc9-42ac-8901-08df02205663","11160656-9da3-49e9-41df-08df02205664","A princesa e o príncipe, contra a bruxa que destrói o meio ambiente","Teatro infanto-juvenil","2026-09-05T15:00:00+00:00","2026-09-05T16:00:00+00:00","Casa de Cultura Municipal São Miguel","Rua Irineu Bonardi, 169 - Vila Pedroso, São Paulo - SP","2026-09-05T15:00:00+00:00","2026-08-30T19:48:54.934174-03:00"
"a1505320-ec4a-4fdc-b6e0-08def8960f4a","24559efe-4b71-4966-b9bd-08def8960f4b","Mamãe Travesti","Exposição","2026-09-06T12:00:00+00:00","2026-10-06T20:00:00+00:00","Centro de Formação Cultural Cidade Tiradentes","Rua Inácio Monteiro, 6900 - Jardim Pérola II, São Paulo - SP","2026-09-06T12:00:00+00:00","2026-08-30T19:48:54.934174-03:00"
"d863c9bb-faf8-4e69-dce6-08defe2980fd","ee83c723-d289-40bc-9be4-08defe2980fe","Aplausos e Vaias","Espetáculo de Circo","2026-09-06T19:00:00+00:00","2026-09-06T20:00:00+00:00","Teatro Flávio Império","Rua Professor Alves Pedroso, 600 - Cangaíba, São Paulo - SP","2026-09-06T19:00:00+00:00","2026-08-30T19:48:54.934174-03:00"
"5b7754fd-6c5c-427d-cf4d-08df02209eb2","b3a9e18a-dca6-4a7d-56e8-08df02209eb3","Ritmo de Rua","Espetáculo Musical / Show","2026-09-06T18:00:00+00:00","2026-09-06T19:00:00+00:00","Casa de Cultura Municipal São Miguel","Rua Irineu Bonardi, 169 - Vila Pedroso, São Paulo - SP","2026-09-06T18:00:00+00:00","2026-08-30T19:48:54.934174-03:00"
"f760dd9f-b04c-40c5-9878-08de7ddf9d85","8a60b66d-88f1-44d0-b4b6-08de7ddf9d86","Cicero Alves Cordeiro","Residência Artística / Pesquisa de acervo","2026-03-24T16:00:00+00:00","2026-05-02T20:00:00+00:00","Casa de Cultura Municipal São Miguel","Rua Irineu Bonardi, 169 - Vila Pedroso, São Paulo - SP","2026-09-08T16:00:00+00:00","2026-08-30T19:48:54.934174-03:00"
"f760dd9f-b04c-40c5-9878-08de7ddf9d85","2e5aba7c-8f93-4f34-b4b7-08de7ddf9d86","Cicero Alves Cordeiro","Residência Artística / Pesquisa de acervo","2026-05-05T16:00:00+00:00","2026-06-13T20:00:00+00:00","Casa de Cultura Municipal São Miguel","Rua Irineu Bonardi, 169 - Vila Pedroso, São Paulo - SP","2026-09-08T16:00:00+00:00","2026-08-30T19:48:54.934174-03:00"
"f760dd9f-b04c-40c5-9878-08de7ddf9d85","f2da5173-95de-4660-b4b8-08de7ddf9d86","Cicero Alves Cordeiro","Residência Artística / Pesquisa de acervo","2026-06-16T16:00:00+00:00","2026-07-25T20:00:00+00:00","Casa de Cultura Municipal São Miguel","Rua Irineu Bonardi, 169 - Vila Pedroso, São Paulo - SP","2026-09-08T16:00:00+00:00","2026-08-30T19:48:54.934174-03:00"
"f760dd9f-b04c-40c5-9878-08de7ddf9d85","436ab125-9e4f-487f-b4b9-08de7ddf9d86","Cicero Alves Cordeiro","Residência Artística / Pesquisa de acervo","2026-07-28T16:00:00+00:00","2026-09-05T20:00:00+00:00","Casa de Cultura Municipal São Miguel","Rua Irineu Bonardi, 169 - Vila Pedroso, São Paulo - SP","2026-09-08T16:00:00+00:00","2026-08-30T19:48:54.934174-03:00"
"f760dd9f-b04c-40c5-9878-08de7ddf9d85","a7b6fe28-0463-4438-b4ba-08de7ddf9d86","Cicero Alves Cordeiro","Residência Artística / Pesquisa de acervo","2026-09-08T16:00:00+00:00","2026-10-17T20:00:00+00:00","Casa de Cultura Municipal São Miguel","Rua Irineu Bonardi, 169 - Vila Pedroso, São Paulo - SP","2026-09-08T16:00:00+00:00","2026-08-30T19:48:54.934174-03:00"
"f760dd9f-b04c-40c5-9878-08de7ddf9d85","374f0199-a8c4-4b79-b4bb-08de7ddf9d86","Cicero Alves Cordeiro","Residência Artística / Pesquisa de acervo","2026-10-20T16:00:00+00:00","2026-11-28T20:00:00+00:00","Casa de Cultura Municipal São Miguel","Rua Irineu Bonardi, 169 - Vila Pedroso, São Paulo - SP","2026-09-08T16:00:00+00:00","2026-08-30T19:48:54.934174-03:00"
"1b5714dd-f99f-4eb1-88f4-08df02205663","897dd49c-1f26-4ac0-41b8-08df02205664","11ª Festa Literária de Cidade Tiradentes - FLICT","Recital de poesia e literatura","2026-09-09T13:00:00+00:00","2026-09-09T14:00:00+00:00","Centro de Formação  Cultural Cidade Tiradentes","Rua Inácio Monteiro, 6900 - Jardim Pérola II, São Paulo - SP","2026-09-09T13:00:00+00:00","2026-08-30T19:48:54.934174-03:00"
"1b5714dd-f99f-4eb1-88f4-08df02205663","7e23c821-7b6d-4fb9-41b9-08df02205664","11ª Festa Literária de Cidade Tiradentes - FLICT","Recital de poesia e literatura","2026-09-09T15:00:00+00:00","2026-09-09T16:00:00+00:00","Centro de Formação  Cultural Cidade Tiradentes","Rua Inácio Monteiro, 6900 - Jardim Pérola II, São Paulo - SP","2026-09-09T13:00:00+00:00","2026-08-30T19:48:54.934174-03:00"
"1b5714dd-f99f-4eb1-88f4-08df02205663","d5eb75fc-9e50-4325-41ba-08df02205664","11ª Festa Literária de Cidade Tiradentes - FLICT","Recital de poesia e literatura","2026-09-09T17:00:00+00:00","2026-09-09T18:00:00+00:00","Centro de Formação  Cultural Cidade Tiradentes","Rua Inácio Monteiro, 6900 - Jardim Pérola II, São Paulo - SP","2026-09-09T13:00:00+00:00","2026-08-30T19:48:54.934174-03:00"
"1b5714dd-f99f-4eb1-88f4-08df02205663","b6e53d55-bc0a-4a8f-41bb-08df02205664","11ª Festa Literária de Cidade Tiradentes - FLICT","Recital de poesia e literatura","2026-09-10T12:00:00+00:00","2026-09-10T13:00:00+00:00","Centro de Formação  Cultural Cidade Tiradentes","Rua Inácio Monteiro, 6900 - Jardim Pérola II, São Paulo - SP","2026-09-09T13:00:00+00:00","2026-08-30T19:48:54.934174-03:00"
"1b5714dd-f99f-4eb1-88f4-08df02205663","bfb2eedf-0adf-497d-41bc-08df02205664","11ª Festa Literária de Cidade Tiradentes - FLICT","Recital de poesia e literatura","2026-09-10T15:00:00+00:00","2026-09-10T16:00:00+00:00","Centro de Formação  Cultural Cidade Tiradentes","Rua Inácio Monteiro, 6900 - Jardim Pérola II, São Paulo - SP","2026-09-09T13:00:00+00:00","2026-08-30T19:48:54.934174-03:00"
"1b5714dd-f99f-4eb1-88f4-08df02205663","029279e1-5ddc-4da0-41bd-08df02205664","11ª Festa Literária de Cidade Tiradentes - FLICT","Recital de poesia e literatura","2026-09-10T17:00:00+00:00","2026-09-10T18:00:00+00:00","Centro de Formação  Cultural Cidade Tiradentes","Rua Inácio Monteiro, 6900 - Jardim Pérola II, São Paulo - SP","2026-09-09T13:00:00+00:00","2026-08-30T19:48:54.934174-03:00"
"1b5714dd-f99f-4eb1-88f4-08df02205663","d6bb2d87-a883-4d61-41be-08df02205664","11ª Festa Literária de Cidade Tiradentes - FLICT","Recital de poesia e literatura","2026-09-11T13:00:00+00:00","2026-09-11T14:00:00+00:00","Centro de Formação  Cultural Cidade Tiradentes","Rua Inácio Monteiro, 6900 - Jardim Pérola II, São Paulo - SP","2026-09-09T13:00:00+00:00","2026-08-30T19:48:54.934174-03:00"
"1b5714dd-f99f-4eb1-88f4-08df02205663","0a8b919f-caef-49e5-41bf-08df02205664","11ª Festa Literária de Cidade Tiradentes - FLICT","Recital de poesia e literatura","2026-09-11T15:00:00+00:00","2026-09-11T16:00:00+00:00","Centro de Formação  Cultural Cidade Tiradentes","Rua Inácio Monteiro, 6900 - Jardim Pérola II, São Paulo - SP","2026-09-09T13:00:00+00:00","2026-08-30T19:48:54.934174-03:00"
"1b5714dd-f99f-4eb1-88f4-08df02205663","f185d638-a966-4a0b-41c0-08df02205664","11ª Festa Literária de Cidade Tiradentes - FLICT","Recital de poesia e literatura","2026-09-11T17:00:00+00:00","2026-09-11T18:00:00+00:00","Centro de Formação  Cultural Cidade Tiradentes","Rua Inácio Monteiro, 6900 - Jardim Pérola II, São Paulo - SP","2026-09-09T13:00:00+00:00","2026-08-30T19:48:54.934174-03:00"
"1b5714dd-f99f-4eb1-88f4-08df02205663","3283dd6e-e1bb-4a5c-41c1-08df02205664","11ª Festa Literária de Cidade Tiradentes - FLICT","Recital de poesia e literatura","2026-09-12T13:00:00+00:00","2026-09-12T14:00:00+00:00","Centro de Formação  Cultural Cidade Tiradentes","Rua Inácio Monteiro, 6900 - Jardim Pérola II, São Paulo - SP","2026-09-09T13:00:00+00:00","2026-08-30T19:48:54.934174-03:00"
"1b5714dd-f99f-4eb1-88f4-08df02205663","3489fefa-3d95-4680-41c2-08df02205664","11ª Festa Literária de Cidade Tiradentes - FLICT","Recital de poesia e literatura","2026-09-12T15:00:00+00:00","2026-09-12T16:00:00+00:00","Centro de Formação  Cultural Cidade Tiradentes","Rua Inácio Monteiro, 6900 - Jardim Pérola II, São Paulo - SP","2026-09-09T13:00:00+00:00","2026-08-30T19:48:54.934174-03:00"
"dd72f4a9-b8b4-420d-cf54-08df02209eb2","aba4bd8c-70f5-4c5f-56f6-08df02209eb3","Velas Artesanais: Ilumine a Sua Criatividade","Palestras e debates","2026-09-09T14:00:00+00:00","2026-09-09T15:30:00+00:00","Casa de Cultura Municipal Santo Amaro - Júlio Guerra","Praça Floriano Peixoto, 131 - Santo Amaro, São Paulo - SP","2026-09-09T14:00:00+00:00","2026-08-30T19:48:54.934174-03:00"
"072bc67c-5031-489c-f050-08deee7cc0f5","6f855503-a620-415b-7c78-08deee7cc0f7","Da Teoria à Vivência: Funk é Cultura","Palestras e debates","2026-09-10T18:00:00+00:00","2026-09-10T19:00:00+00:00","Biblioteca Pública Municipal Brito Broca","Av. Mutinga, 1425 - Jardim Santo Elias, São Paulo - SP, 05100-000","2026-09-10T18:00:00+00:00","2026-08-30T19:48:54.934174-03:00"
"072bc67c-5031-489c-f050-08deee7cc0f5","f9ca9cdf-b0c8-4285-7c79-08deee7cc0f7","Da Teoria à Vivência: Funk é Cultura","Palestras e debates","2026-09-10T20:00:00+00:00","2026-09-10T21:00:00+00:00","Biblioteca Pública Municipal Brito Broca","Av. Mutinga, 1425 - Jardim Santo Elias, São Paulo - SP, 05100-000","2026-09-10T18:00:00+00:00","2026-08-30T19:48:54.934174-03:00"
"072bc67c-5031-489c-f050-08deee7cc0f5","5d92f4f8-91fb-4249-7c7a-08deee7cc0f7","Da Teoria à Vivência: Funk é Cultura","Palestras e debates","2026-08-27T18:00:00+00:00","2026-08-27T19:00:00+00:00","Biblioteca Pública Milton Santos","Avenida Aricanduva, 5.777 - Vila Aricanduva, São Paulo - SP","2026-09-10T18:00:00+00:00","2026-08-30T19:48:54.934174-03:00"
"072bc67c-5031-489c-f050-08deee7cc0f5","ceacb6d5-1a25-4f17-7c7b-08deee7cc0f7","Da Teoria à Vivência: Funk é Cultura","Palestras e debates","2026-08-27T20:00:00+00:00","2026-08-27T21:00:00+00:00","Biblioteca Pública Milton Santos","Avenida Aricanduva, 5.777 - Vila Aricanduva, São Paulo - SP","2026-09-10T18:00:00+00:00","2026-08-30T19:48:54.934174-03:00"
"c4c8ca86-69d9-4e31-b6c1-08def8960f4a","451285a0-83bd-405d-b989-08def8960f4b","Da Teoria à Vivência: Funk é Cultura Vinaum","Palestras e debates","2026-08-27T18:00:00+00:00","2026-08-27T19:00:00+00:00","Biblioteca Pública Milton Santos","Avenida Aricanduva, 5.777 - Vila Aricanduva, São Paulo - SP","2026-09-10T18:00:00+00:00","2026-08-30T19:48:54.934174-03:00"
"c4c8ca86-69d9-4e31-b6c1-08def8960f4a","61710342-dc13-43b6-b98a-08def8960f4b","Da Teoria à Vivência: Funk é Cultura Vinaum","Palestras e debates","2026-09-10T18:00:00+00:00","2026-09-10T19:00:00+00:00","Biblioteca Pública Municipal Brito Broca","Av. Mutinga, 1425 - Jardim Santo Elias, São Paulo - SP","2026-09-10T18:00:00+00:00","2026-08-30T19:48:54.934174-03:00"
"cb411ae8-c2aa-456f-5212-08defe29698d","233cee0c-6f1c-445a-d68a-08defe29698d","Da Teoria à Vivência: Funk é Cultura com Ktrine","Palestras e debates","2026-09-10T18:00:00+00:00","2026-09-10T19:00:00+00:00","Biblioteca Pública Municipal Brito Broca","Av. Mutinga, 1425 - Jardim Santo Elias, São Paulo - SP, 05100-000","2026-09-10T18:00:00+00:00","2026-08-30T19:48:54.934174-03:00"
"cb411ae8-c2aa-456f-5212-08defe29698d","9a07da14-be56-4ff4-d68b-08defe29698d","Da Teoria à Vivência: Funk é Cultura com Ktrine","Palestras e debates","2026-08-27T18:00:00+00:00","2026-08-27T19:00:00+00:00","Biblioteca Pública Milton Santos","Avenida Aricanduva, 5.777 - Vila Aricanduva, São Paulo - SP","2026-09-10T18:00:00+00:00","2026-08-30T19:48:54.934174-03:00"
"fb3b7cad-c7e2-4e94-88f0-08df02205663","46e46645-6f0e-4f67-41b4-08df02205664","Cine Concerto - Nosferatu (1922)","Concerto","2026-09-10T22:00:00+00:00","2026-09-10T23:00:00+00:00","Rua da Consolação, 94 - República, São Paulo - 01302000","Rua da Consolação, 94 - Consolação, São Paulo - SP","2026-09-10T22:00:00+00:00","2026-08-30T19:48:54.934174-03:00"
"3ab99b1c-2da0-450b-cf40-08df02209eb2","d0cae0ff-ea69-41df-56bb-08df02209eb3","Jardim dos sentidos: cantigas e sensações do brincar","Espetáculo Musical / Show","2026-09-10T13:00:00+00:00","2026-09-10T14:00:00+00:00","Centro de Formação Cultural Cidade Tiradentes","Rua Inácio Monteiro, 6900 - Jardim Pérola II, São Paulo - SP","2026-09-10T13:00:00+00:00","2026-08-30T19:48:54.934174-03:00"
"3229a962-75b2-42ec-5227-08defe29698d","30252eca-2f2d-4e71-d6a6-08defe29698d","Binho Ribeiro - Vibra","Espetáculo Musical / Show","2026-09-11T22:00:00+00:00","2026-09-11T23:00:00+00:00","Centro Cultural Vila Itororó","Rua Maestro Cardim, 60 - Bela Vista, São Paulo - SP","2026-09-11T22:00:00+00:00","2026-08-30T19:48:54.934174-03:00"
"8fe6200d-ca1a-4cf9-5216-08defe29698d","c15636c9-47b7-4685-d68f-08defe29698d","Dinho Oliveira","Espetáculo Musical/Show","2026-09-12T19:00:00+00:00","2026-09-12T20:00:00+00:00","Casa de Cultura Municipal do Campo Limpo - Dora Nascimento","Rua Aroldo de Azevedo, 100 - Jardim Bom Refúgio, São Paulo - SP","2026-09-12T19:00:00+00:00","2026-08-30T19:48:54.934174-03:00"
"501f842b-cde0-459e-cf49-08df02209eb2","150d5e48-9dc1-4bf8-56e3-08df02209eb3","Ana Flor de Carvalho","Espetáculo Musical / Show","2026-09-12T22:00:00+00:00","2026-09-12T23:00:00+00:00","Centro Cultural Vila Itororó","Rua Maestro Cardim, 60 - Bela Vista, São Paulo - SP","2026-09-12T22:00:00+00:00","2026-08-30T19:48:54.934174-03:00"
"9ba8df58-3e8a-4617-88ff-08df02205663","c1435a98-96fd-44d5-41dd-08df02205664","SoteroPaulistana","Espetáculo Musical / Show","2026-09-12T22:00:00+00:00","2026-09-12T23:00:00+00:00","Centro de Culturas Negras","Rua Arsênio Tavolieri, 45 - Vila Parque Jabaquara, São Paulo - SP","2026-09-12T22:00:00+00:00","2026-08-30T19:48:54.934174-03:00"
"bf59b90b-2714-4678-8900-08df02205663","466db6b1-853c-4040-41de-08df02205664","Sons na Colina - JP Electric Bass Trio - Bill Brazil","Espetáculo Musical / Show","2026-09-12T21:30:00+00:00","2026-09-12T22:30:00+00:00","Centro Cultural da Penha","Largo do Rosário, 20 - Penha de França, São Paulo - SP","2026-09-12T21:30:00+00:00","2026-08-30T19:48:54.934174-03:00"
"0b7917dd-4446-4dd9-b6d4-08def8960f4a","4ad19e51-d6d6-4a32-b9a8-08def8960f4b","Hit Flow - Movimento que Transforma - Axé das Antigas e Pagodão Bahiano","Espetáculo de dança","2026-09-13T18:00:00+00:00","2026-09-13T19:00:00+00:00","Centro de Formação Cultural Cidade Tiradentes","Rua Inácio Monteiro, 6900 - Jardim Pérola II, São Paulo - SP","2026-09-13T18:00:00+00:00","2026-08-30T19:48:54.934174-03:00"
"9f75f8ab-c156-4e95-521b-08defe29698d","223776bc-eacb-4c91-d699-08defe29698d","Felipe Marquez e banda","Espetáculo Musical / Show","2026-09-13T22:00:00+00:00","2026-09-13T23:00:00+00:00","Casa de Cultura Municipal Freguesia do Ó - Salvador Ligabue","Largo da Matriz de Nossa Senhora do Ó, 215 - Freguesia do Ó, São Paulo - SP","2026-09-13T22:00:00+00:00","2026-08-30T19:48:54.934174-03:00"
"84f3302b-f750-4c6c-cf48-08df02209eb2","16d3934d-ab25-4c55-56e2-08df02209eb3","Dois Cantos, Um Samba - Um encontro musical entre Elis Almeida e Taiguara Nazareth","Espetáculo Musical / Show","2026-09-13T21:00:00+00:00","2026-09-13T22:00:00+00:00","Centro de Culturas Negras","Rua Arsênio Tavolieri, 45 - Vila Parque Jabaquara, São Paulo - SP","2026-09-13T21:00:00+00:00","2026-08-30T19:48:54.934174-03:00"
"aea3f45d-4aac-4fc1-cf55-08df02209eb2","360e8ad2-dd4c-4319-56f7-08df02209eb3","O Santo e a Porca, de Ariano Suassuna","Teatro","2026-09-13T21:00:00+00:00","2026-09-13T22:30:00+00:00","Centro Cultural da Diversidade","Rua Lopes Neto, 206 - Itaim Bibi, São Paulo - SP","2026-09-13T21:00:00+00:00","2026-08-30T19:48:54.934174-03:00"
"c02135fc-7a0c-4397-cf58-08df02209eb2","3b8e896f-92ba-41f5-56fa-08df02209eb3","Transversa de Ariane R. - Música Instrumental Brasileira com Influências do Jazz","Espetáculo Musical / Show","2026-09-13T14:00:00+00:00","2026-09-13T15:00:00+00:00","Centro Cultural Vila Itororó","Rua Maestro Cardim, 60 - Bela Vista, São Paulo - SP","2026-09-13T14:00:00+00:00","2026-08-30T19:48:54.934174-03:00"
"4d6c2332-9aa8-4b00-521e-08defe29698d","46f2db3b-ba06-4c6b-d69c-08defe29698d","O Castelo Enfeitiçado","Teatro infanto-juvenil","2026-09-16T17:00:00+00:00","2026-09-16T18:00:00+00:00","Casa de Cultura Municipal de São Mateus","Rua Monte Mandira, 40 - Jardim Nove de Julho, São Paulo - SP","2026-09-16T17:00:00+00:00","2026-08-30T19:48:54.934174-03:00"
"0c2b12e3-ead5-424f-88f8-08df02205663","ff94ca9f-ca3d-4670-41d6-08df02205664","Brasilidade: O Brasil Que Brinca de Norte a Sul","Contação de histórias","2026-09-16T12:30:00+00:00","2026-09-16T13:30:00+00:00","Casa de Cultura Municipal Brasilândia","Rua Padre Juan Reinaldo Catalan Caceres, s/nº - Jardim Maristela, São Paulo - SP","2026-09-16T12:30:00+00:00","2026-08-30T19:48:54.934174-03:00"
"eea0c2f3-521d-437d-cf4f-08df02209eb2","6078010d-1e9f-47b3-56ea-08df02209eb3","Concertada, um estrépido musical","Teatro","2026-09-18T21:00:00+00:00","2026-09-18T22:00:00+00:00","Centro de Memória do Circo","Avenida São João, 473 - Centro Histórico de São Paulo, São Paulo - SP","2026-09-18T21:00:00+00:00","2026-08-30T19:48:54.934174-03:00"
"5ab465b7-f2e5-4317-cf50-08df02209eb2","fa105773-e5f7-4ef0-56eb-08df02209eb3","Vem das Ruas","Espetáculo Musical/Show","2026-09-18T22:00:00+00:00","2026-09-18T23:00:00+00:00","Casa de Cultura Municipal Freguesia do Ó - Salvador Ligabue","Largo da Matriz de Nossa Senhora do Ó, 215 - Freguesia do Ó, São Paulo - SP","2026-09-18T22:00:00+00:00","2026-08-30T19:48:54.934174-03:00"
"0a3daf3b-8a5b-4b42-521d-08defe29698d","436ddf51-7709-488e-d69b-08defe29698d","Trio Estrela de Minas","Espetáculo Musical/Show","2026-09-19T17:00:00+00:00","2026-09-19T19:00:00+00:00","Casa de Cultura Municipal Santo Amaro - Júlio Guerra","Praça Floriano Peixoto, 131 - Santo Amaro, São Paulo - SP","2026-09-19T17:00:00+00:00","2026-08-30T19:48:54.934174-03:00"
"b026b00e-4ea7-4cee-cf3a-08df02209eb2","6e80ff81-c9d3-45a9-56b5-08df02209eb3","DJ Danni Georg","Espetáculo Musical / Show","2026-09-19T23:00:00+00:00","2026-09-20T00:00:00+00:00","Centro Cultural Olido ( Sala Olido)","Avenida São João, 473 - Centro, São Paulo - SP","2026-09-19T23:00:00+00:00","2026-08-30T19:48:54.934174-03:00"
"ebddd406-ba47-4218-88f3-08df02205663","f9f5931b-2ec1-45f2-41b7-08df02205664","Na Levada do Ritmo","Performance","2026-09-19T18:00:00+00:00","2026-09-19T20:00:00+00:00","Casa de Cultura Municipal Santo Amaro - Júlio Guerra","Praça Floriano Peixoto, 131 - Santo Amaro, São Paulo - SP","2026-09-19T18:00:00+00:00","2026-08-30T19:48:54.934174-03:00"
"40df815a-4233-48e4-cf3e-08df02209eb2","d4d06ca0-f0a7-46bb-56b9-08df02209eb3","Barbareco, O Menino Que Queria Ser Palhaço","Espetáculo de Circo","2026-09-19T22:30:00+00:00","2026-09-19T23:30:00+00:00","Casa de Cultura Municipal Freguesia do Ó - Salvador Ligabue","Largo da Matriz de Nossa Senhora do Ó, 215 - Freguesia do Ó, São Paulo - SP","2026-09-19T22:30:00+00:00","2026-08-30T19:48:54.934174-03:00"
"33cf7976-a86e-4cf9-88f9-08df02205663","17794730-79b7-4f96-41d7-08df02205664","Cuscuz Paulista","Espetáculo Musical / Show","2026-09-19T17:00:00+00:00","2026-09-19T18:00:00+00:00","Casa de Cultura Municipal São Miguel","Rua Irineu Bonardi, 169 - Vila Pedroso, São Paulo - SP","2026-09-19T17:00:00+00:00","2026-08-30T19:48:54.934174-03:00"
"39e49920-3780-4d71-cf4e-08df02209eb2","c9263e35-a5f3-4fb6-56e9-08df02209eb3","O Homem do Apito","Espetáculo Musical / Show","2026-09-19T17:00:00+00:00","2026-09-19T18:00:00+00:00","Casa de Cultura Cidade Ademar","Avenida Durval Pinto Ferreira, 820 - Jardim Itacolomi, São Paulo - SP","2026-09-19T17:00:00+00:00","2026-08-30T19:48:54.934174-03:00"
"9fa011da-7afa-4bfa-cf53-08df02209eb2","04acc4e7-69eb-42d7-56f5-08df02209eb3","Forró do Trio Golada","Espetáculo Musical / Show","2026-09-19T20:00:00+00:00","2026-09-19T21:00:00+00:00","Casa de Cultura Cidade Ademar","Avenida Durval Pinto Ferreira, 820 - Jardim Itacolomi, São Paulo - SP","2026-09-19T20:00:00+00:00","2026-08-30T19:48:54.934174-03:00"
"8e6c66d8-ecc4-41ea-5214-08defe29698d","20e01646-61f6-4aa7-d68d-08defe29698d","No Quintal do Bloco - Roda de Samba do Akió","Espetáculo Musical / Show","2026-09-20T17:00:00+00:00","2026-09-20T18:00:00+00:00","Casa de Cultura Municipal Santo Amaro - Manoel Mendonça","Praça Doutor Francisco Ferreira Lopes, 434 - Santo Amaro, São Paulo - SP","2026-09-20T17:00:00+00:00","2026-08-30T19:48:54.934174-03:00"
"ee70cfb7-e86b-4111-dceb-08defe2980fd","0bcf388a-17a7-4f25-9bf5-08defe2980fe","Pedagogias Hip-Hop para a Infância e Juventude: Arte, Identidade e Educação Antirracista","Intervenção Artística","2026-09-20T20:00:00+00:00","2026-09-20T21:00:00+00:00","Casa de Cultura Municipal Hip Hop Sul","Rua Sant'Ana, 201 - Vila São Pedro, São Paulo - SP","2026-09-20T20:00:00+00:00","2026-08-30T19:48:54.934174-03:00"
"d1858e58-fbe4-469c-88f2-08df02205663","bbfe215d-5afc-46f2-41b6-08df02205664","Baile Minha Cara Preta do Rolê","Espetáculo Musical / Show","2026-09-20T18:00:00+00:00","2026-09-20T23:00:00+00:00","Casa de Cultura Municipal Itaim Paulista","R. Monte Camberela, 490 - Vila Silva Teles, São Paulo - SP","2026-09-20T18:00:00+00:00","2026-08-30T19:48:54.934174-03:00"
"3666335f-65fb-4f16-cf5a-08df02209eb2","e70ff385-512e-472d-56fc-08df02209eb3","Djs in concert","Espetáculo Musical / Show","2026-09-20T17:30:00+00:00","2026-09-20T18:30:00+00:00","Casa de Cultura Municipal Hip Hop Sul","Rua Sant'Ana, 201 - Vila São Pedro, São Paulo - SP","2026-09-20T17:30:00+00:00","2026-08-30T19:48:54.934174-03:00"
"aaf44154-b32f-44f4-88fb-08df02205663","9a7060c0-324b-44b3-41d9-08df02205664","Um amiguinho Diferente","Contação de histórias","2026-09-23T17:00:00+00:00","2026-09-23T18:00:00+00:00","Casa de Cultura Municipal São Rafael","R. Quaresma Delgado, 354 - Jardim Vera Cruz, São Paulo - SP","2026-09-23T17:00:00+00:00","2026-08-30T19:48:54.934174-03:00"
"81f167a7-28c5-4ae5-7e13-08decb19b477","c611641c-0c4a-42f7-130c-08decb19b478","Como produzir seu quadrinho - do roteiro ao projeto gráfico","Palestras e debates","2026-09-26T17:00:00+00:00","2026-09-26T18:00:00+00:00","Gibiteca Henfil - CCSP","Rua Vergueiro, 1000 - Liberdade, São Paulo - SP","2026-09-26T17:00:00+00:00","2026-08-30T19:48:54.934174-03:00"
"ae095a67-9474-4138-2a92-08def8952763","d9facd99-d042-4b1e-ff81-08def8952763","Encontro desenho de observação com Modelo Vivo","Modelo Vivo","2026-09-26T17:00:00+00:00","2026-09-26T20:00:00+00:00","Chácara Lane - MCSP","Rua da Consolação, 1024 - Consolação, São Paulo - SP","2026-09-26T17:00:00+00:00","2026-08-30T19:48:54.934174-03:00"
"ae095a67-9474-4138-2a92-08def8952763","d58fa7be-2536-4656-ff82-08def8952763","Encontro desenho de observação com Modelo Vivo","Modelo Vivo","2026-10-03T17:00:00+00:00","2026-10-03T20:00:00+00:00","Chácara Lane - MCSP","Rua da Consolação, 1024 - Consolação, São Paulo - SP","2026-09-26T17:00:00+00:00","2026-08-30T19:48:54.934174-03:00"
"9e50953b-5b65-4c78-cf3f-08df02209eb2","452ae1bb-3407-4e0d-56ba-08df02209eb3","Dj Sete","Espetáculo Musical / Show","2026-09-26T19:00:00+00:00","2026-09-26T20:00:00+00:00","Casa de Cultura Municipal Tremembé","Rua Maria Amália Lopes Azevedo, 190 - Tremembé, São Paulo - SP","2026-09-26T19:00:00+00:00","2026-08-30T19:48:54.934174-03:00"
"3537acd3-969f-4f38-cf41-08df02209eb2","c336cfeb-5e24-4523-56bc-08df02209eb3","Dj´s Collors Gospel","Espetáculo Musical / Show","2026-09-26T17:00:00+00:00","2026-09-26T18:00:00+00:00","Casa de Cultura Municipal Tremembé","Rua Maria Amália Lopes Azevedo, 190 - Tremembé, São Paulo - SP","2026-09-26T17:00:00+00:00","2026-08-30T19:48:54.934174-03:00"
"7396c8b1-9907-41dd-cf45-08df02209eb2","0e452013-71ef-4a30-56d7-08df02209eb3","Festival de Capoeira: Abada Capoeira Show","Cultura popular : Maracatu, jongo, congadas e similares","2026-09-26T18:00:00+00:00","2026-09-26T20:00:00+00:00","Casa de Cultura Municipal de Guaianases","Rua Castelo de Leça, s/n - Jardim Soares, São Paulo - SP","2026-09-26T18:00:00+00:00","2026-08-30T19:48:54.934174-03:00"
"9fd7c6f2-13ef-4336-88f5-08df02205663","fca8061b-ce1c-4b7b-41c3-08df02205664","Rogerio Sarralheiro","Espetáculo Musical / Show","2026-09-26T18:00:00+00:00","2026-09-26T19:00:00+00:00","Casa de Cultura Municipal Tremembé","Rua Maria Amália Lopes Azevedo, 190 - Tremembé, São Paulo - SP","2026-09-26T18:00:00+00:00","2026-08-30T19:48:54.934174-03:00"
"73095e60-4bce-4368-cf56-08df02209eb2","7721eaff-e5b3-4b16-56f8-08df02209eb3","Comunidade do Samba da Cidade Tiradentes","Espetáculo Musical / Show","2026-09-27T19:00:00+00:00","2026-09-27T21:00:00+00:00","Casa de Cultura Municipal Hip Hop Leste","R. Sara Kubitscheck, 165 - Cidade Tiradentes, São Paulo - SP","2026-09-27T19:00:00+00:00","2026-08-30T19:48:54.934174-03:00"
"9464bf2c-f226-46ec-3ae8-08de78690b8d","ad136978-11b2-43c8-210c-08de78690b8e","Residência Artística - ""Larissa Gabriel"" na Casa de Cultura Cidade Ademar","Residência Artística / Pesquisa de acervo","2026-03-03T17:00:00+00:00","2026-04-11T21:00:00+00:00","Casa de Cultura Cidade Ademar","Avenida Durval Pinto Ferreira, 820 - Jardim Itacolomi, São Paulo - SP","2026-09-29T17:00:00+00:00","2026-08-30T19:48:54.934174-03:00"
"9464bf2c-f226-46ec-3ae8-08de78690b8d","4909c28a-bdbb-4203-210d-08de78690b8e","Residência Artística - ""Larissa Gabriel"" na Casa de Cultura Cidade Ademar","Residência Artística / Pesquisa de acervo","2026-04-14T17:00:00+00:00","2026-05-23T21:00:00+00:00","Casa de Cultura Cidade Ademar","Avenida Durval Pinto Ferreira, 820 - Jardim Itacolomi, São Paulo - SP","2026-09-29T17:00:00+00:00","2026-08-30T19:48:54.934174-03:00"
"9464bf2c-f226-46ec-3ae8-08de78690b8d","33c08aaa-73c1-46fb-210e-08de78690b8e","Residência Artística - ""Larissa Gabriel"" na Casa de Cultura Cidade Ademar","Residência Artística / Pesquisa de acervo","2026-05-26T17:00:00+00:00","2026-07-04T21:00:00+00:00","Casa de Cultura Cidade Ademar","Avenida Durval Pinto Ferreira, 820 - Jardim Itacolomi, São Paulo - SP","2026-09-29T17:00:00+00:00","2026-08-30T19:48:54.934174-03:00"
"9464bf2c-f226-46ec-3ae8-08de78690b8d","c4a44827-0074-4fb8-210f-08de78690b8e","Residência Artística - ""Larissa Gabriel"" na Casa de Cultura Cidade Ademar","Residência Artística / Pesquisa de acervo","2026-07-07T17:00:00+00:00","2026-08-15T21:00:00+00:00","Casa de Cultura Cidade Ademar","Avenida Durval Pinto Ferreira, 820 - Jardim Itacolomi, São Paulo - SP","2026-09-29T17:00:00+00:00","2026-08-30T19:48:54.934174-03:00"
"9464bf2c-f226-46ec-3ae8-08de78690b8d","a37dd974-97e5-4a41-2110-08de78690b8e","Residência Artística - ""Larissa Gabriel"" na Casa de Cultura Cidade Ademar","Residência Artística / Pesquisa de acervo","2026-08-18T17:00:00+00:00","2026-09-26T21:00:00+00:00","Casa de Cultura Cidade Ademar","Avenida Durval Pinto Ferreira, 820 - Jardim Itacolomi, São Paulo - SP","2026-09-29T17:00:00+00:00","2026-08-30T19:48:54.934174-03:00"
"9464bf2c-f226-46ec-3ae8-08de78690b8d","4979ab3f-5ecb-45e0-2111-08de78690b8e","Residência Artística - ""Larissa Gabriel"" na Casa de Cultura Cidade Ademar","Residência Artística / Pesquisa de acervo","2026-09-29T17:00:00+00:00","2026-11-07T21:00:00+00:00","Casa de Cultura Cidade Ademar","Avenida Durval Pinto Ferreira, 820 - Jardim Itacolomi, São Paulo - SP","2026-09-29T17:00:00+00:00","2026-08-30T19:48:54.934174-03:00"
"bb66a8c0-33b2-43c1-cf59-08df02209eb2","db7981ab-1f31-49a9-56fb-08df02209eb3","Beatles 4Ever Cartoon","Espetáculo Musical / Show","2026-10-11T18:00:00+00:00","2026-10-11T19:00:00+00:00","Centro Cultural Vila Formosa","Avenida Renata, 163 - Vila Formosa, São Paulo - SP","2026-10-11T18:00:00+00:00","2026-08-30T19:48:54.934174-03:00"
"e5bdc1bb-e3da-4141-2aa3-08def8952763","ac86984b-c4ea-40f7-ff97-08def8952763","Festival do Patrimônio: Zeca Baleiro","Espetáculo Musical / Show","2026-08-16T20:00:00+00:00","2026-08-16T21:30:00+00:00","Palco São João","Avenida São João, s/n - Centro, São Paulo - SP","2026-10-14T22:00:00+00:00","2026-08-30T19:48:54.934174-03:00"
"e5bdc1bb-e3da-4141-2aa3-08def8952763","8cf584cf-dad6-4301-ff98-08def8952763","Festival do Patrimônio: Zeca Baleiro","Espetáculo Musical / Show","2026-10-14T22:00:00+00:00","2026-10-14T23:30:00+00:00","Theatro Municipal de São Paulo","Praça Ramos de Azevedo, s/n - República, São Paulo - SP","2026-10-14T22:00:00+00:00","2026-08-30T19:48:54.934174-03:00"
"b2da86b8-0924-4345-6e8c-08ded93fe79f","de2420e8-5349-47e8-113f-08ded93fe7a1","Laboratório teórico de investigação em modelo vivo","Curso Teórico  - Vivencia Artístico Cultural","2026-08-01T17:00:00+00:00","2026-11-14T20:00:00+00:00","Chácara Lane - MCSP","Rua da Consolação, 1024 - Consolação, São Paulo - SP","2026-11-28T17:00:00+00:00","2026-08-30T19:48:54.934174-03:00"
"b2da86b8-0924-4345-6e8c-08ded93fe79f","32092408-9380-4ad8-1140-08ded93fe7a1","Laboratório teórico de investigação em modelo vivo","Curso Teórico  - Vivencia Artístico Cultural","2026-11-28T17:00:00+00:00","2026-12-05T20:00:00+00:00","Chácara Lane - MCSP","Rua da Consolação, 1024 - Consolação, São Paulo - SP","2026-11-28T17:00:00+00:00","2026-08-30T19:48:54.934174-03:00"
"b7ec01a0-1e12-4695-ef74-08dec6530882","b3c5739d-ff1f-4794-e126-08dec6530883","Criação de personagens para HQs","Palestras e debates","2026-12-19T17:00:00+00:00","2026-12-19T18:00:00+00:00","Gibiteca Henfil - CCSP","Rua Vergueiro, 1000 - Liberdade, São Paulo - SP","2026-12-19T17:00:00+00:00","2026-08-30T19:48:54.934174-03:00"
