"data","temp_min_c","temp_media_c","temp_max_c","sensacao_max_c","umidade_media_pct","nuvens_media_pct","vento_max_kmh","chuva_comercial_mm","chuva_max_hora_mm","horas_com_chuva","chuva_dia_todo_mm","condicao_dia","faixa_temperatura","is_dia_chuvoso","is_chuva_forte","fonte","horas_disponiveis"
"2026-01-01","25.0","27.2","29.2","31.7","61.7","73.2","18.0","3.1","1.7","1","3.1","Garoa","Quente","0","0","archive","9/9"
"2026-01-02","23.7","25.5","27.1","30.2","70.1","96.4","17.5","7.1","3.2","3","13.5","Chuva","Ameno","1","0","archive","9/9"
"2026-01-03","24.7","27.5","29.4","32.5","60.0","77.9","15.1","0.3","0.2","0","2.0","Nublado","Quente","0","0","archive","9/9"
"2026-01-04","20.6","22.2","23.5","25.5","74.7","99.4","13.1","1.3","0.5","1","2.2","Garoa","Ameno","0","0","archive","9/9"
"2026-01-05","19.4","20.6","21.7","21.9","72.8","98.7","18.2","1.1","0.3","0","1.4","Garoa","Ameno","0","0","archive","9/9"
"2026-01-06","20.4","25.3","27.3","29.7","52.3","61.7","13.7","0.3","0.2","0","1.7","Sol","Ameno","0","0","archive","9/9"
"2026-01-07","24.1","27.3","29.0","32.0","49.6","90.2","15.2","0.8","0.6","1","4.6","Nublado","Quente","0","0","archive","9/9"
"2026-01-08","25.3","28.2","30.2","33.4","47.8","41.9","14.0","7.0","6.1","2","20.0","Chuva","Quente","1","0","archive","9/9"
"2026-01-09","24.7","28.2","32.4","34.3","52.9","71.7","12.4","8.3","8.3","1","9.8","Chuva","Quente","1","0","archive","9/9"
"2026-01-10","28.5","31.7","33.4","34.9","36.0","72.4","10.7","0.0","0.0","0","10.8","Nublado","Quente","0","0","archive","9/9"
"2026-01-11","27.9","31.8","33.1","34.4","33.9","38.8","14.6","0.0","0.0","0","0.3","Sol","Quente","0","0","archive","9/9"
"2026-01-12","27.8","31.6","34.7","35.6","32.8","75.2","13.5","1.4","1.0","1","7.5","Garoa","Quente","0","0","archive","9/9"
"2026-01-13","23.0","25.9","29.4","31.0","58.1","77.2","10.9","0.5","0.2","0","2.3","Nublado","Quente","0","0","archive","9/9"
"2026-01-14","21.3","25.3","28.8","32.3","67.2","86.7","16.2","10.2","7.2","3","15.4","Chuva","Quente","1","0","archive","9/9"
"2026-01-15","22.4","24.5","26.7","29.5","72.6","99.6","11.7","7.5","4.3","2","10.4","Chuva","Ameno","1","0","archive","9/9"
"2026-01-16","22.2","25.5","28.3","32.8","67.9","86.8","9.4","13.8","13.0","1","21.4","Chuva","Quente","1","0","archive","9/9"
"2026-01-17","23.6","25.3","26.8","29.8","66.9","97.2","12.9","4.3","3.7","1","21.4","Garoa","Ameno","0","0","archive","9/9"
"2026-01-18","23.6","24.9","25.9","31.1","69.6","80.7","16.4","4.7","1.3","3","6.2","Garoa","Ameno","0","0","archive","9/9"
"2026-01-19","19.7","21.7","24.5","26.5","83.4","96.9","23.8","19.5","8.2","5","25.4","Chuva forte","Ameno","1","1","archive","9/9"
"2026-01-20","18.4","19.9","20.5","19.8","68.8","87.6","15.5","0.2","0.1","0","1.1","Nublado","Ameno","0","0","archive","9/9"
"2026-01-21","18.1","18.8","19.4","19.2","76.1","97.8","14.7","13.4","7.3","3","13.4","Chuva","Ameno","1","0","archive","9/9"
"2026-01-22","18.1","19.7","21.2","22.2","80.1","97.8","16.2","6.0","3.8","2","7.4","Chuva","Ameno","1","0","archive","9/9"
"2026-01-23","20.3","22.0","23.6","25.0","74.8","63.3","13.9","2.3","0.7","2","2.6","Garoa","Ameno","0","0","archive","9/9"
"2026-01-24","21.5","22.8","24.1","26.7","71.7","77.2","13.8","2.5","0.7","1","3.0","Garoa","Ameno","0","0","archive","9/9"
"2026-01-25","21.8","23.5","26.0","30.0","72.9","69.2","9.6","9.5","6.2","3","10.3","Chuva","Ameno","1","0","archive","9/9"
"2026-01-26","21.5","24.4","25.7","30.3","71.3","60.4","10.6","1.2","0.3","0","4.3","Garoa","Ameno","0","0","archive","9/9"
"2026-01-27","21.6","25.1","28.8","33.8","69.1","42.7","12.2","3.9","3.2","2","3.9","Garoa","Quente","0","0","archive","9/9"
"2026-01-28","24.0","25.9","27.6","32.6","63.1","39.8","7.5","1.7","0.9","1","7.5","Garoa","Ameno","0","0","archive","9/9"
"2026-01-29","21.7","25.0","27.5","31.4","70.1","94.8","10.0","14.4","11.5","2","20.0","Chuva","Ameno","1","0","archive","9/9"
"2026-01-30","21.5","23.0","25.6","28.8","75.0","86.1","13.1","7.0","5.2","2","15.8","Chuva","Ameno","1","0","archive","9/9"
"2026-01-31","21.6","24.6","26.8","29.2","68.2","53.8","15.6","2.1","0.8","1","2.4","Garoa","Ameno","0","0","archive","9/9"
"2026-02-01","22.7","24.5","27.0","28.9","74.0","74.2","20.7","3.6","1.5","2","3.7","Garoa","Ameno","0","0","archive","9/9"
"2026-02-02","21.4","23.1","25.1","28.7","80.2","95.1","14.3","3.6","1.5","2","4.7","Garoa","Ameno","0","0","archive","9/9"
"2026-02-03","22.2","24.2","25.7","29.7","77.2","96.3","12.7","15.7","10.1","4","26.6","Chuva forte","Ameno","1","1","archive","9/9"
"2026-02-04","23.8","25.1","26.6","30.0","73.2","98.6","15.0","1.7","0.9","2","16.4","Garoa","Ameno","0","0","archive","9/9"
"2026-02-05","21.8","24.0","25.3","28.6","74.4","74.7","12.9","4.0","1.6","3","5.1","Garoa","Ameno","0","0","archive","9/9"
"2026-02-06","23.1","25.4","28.1","33.4","69.3","62.2","13.5","5.1","3.8","2","6.2","Chuva","Quente","1","0","archive","9/9"
"2026-02-07","22.5","24.8","26.8","31.3","77.4","82.1","9.4","5.9","3.0","3","13.7","Chuva","Ameno","1","0","archive","9/9"
"2026-02-08","22.0","23.7","26.0","30.4","71.1","81.1","13.3","3.3","1.4","4","14.7","Garoa","Ameno","0","0","archive","9/9"
"2026-02-09","20.1","21.5","23.5","26.4","82.6","99.4","8.1","14.4","5.0","5","18.1","Chuva","Ameno","1","0","archive","9/9"
"2026-02-10","20.4","23.2","25.0","26.9","75.9","98.8","14.8","3.1","0.9","3","22.8","Garoa","Ameno","0","0","archive","9/9"
"2026-02-11","21.5","24.8","26.2","27.5","68.3","100.0","17.6","1.5","1.0","1","14.1","Garoa","Ameno","0","0","archive","9/9"
"2026-02-12","25.1","27.6","29.2","32.7","59.0","30.9","13.8","0.6","0.5","1","1.3","Sol","Quente","0","0","archive","9/9"
"2026-02-13","27.4","30.0","31.0","35.2","48.6","33.8","9.3","0.1","0.1","0","4.4","Sol","Quente","0","0","archive","9/9"
"2026-02-14","23.7","26.7","29.3","33.8","64.8","99.7","9.5","0.8","0.4","0","0.8","Nublado","Quente","0","0","archive","9/9"
"2026-02-15","24.1","29.0","31.2","34.0","47.4","69.7","12.0","0.1","0.1","0","0.1","Sol","Quente","0","0","archive","9/9"
"2026-02-16","25.2","30.7","33.9","36.3","41.4","28.7","10.1","1.2","0.7","2","1.2","Garoa","Quente","0","0","archive","9/9"
"2026-02-17","28.5","30.3","31.9","33.2","42.6","68.1","10.6","0.4","0.4","0","4.0","Sol","Quente","0","0","archive","9/9"
"2026-02-18","24.9","26.9","28.2","32.5","63.3","69.7","9.6","0.4","0.2","0","0.7","Sol","Quente","0","0","archive","9/9"
"2026-02-19","24.0","25.6","27.7","32.3","68.0","53.6","12.1","1.9","0.6","1","2.6","Garoa","Ameno","0","0","archive","9/9"
"2026-02-20","23.4","28.3","31.9","33.8","52.2","85.8","12.8","0.4","0.3","0","0.4","Nublado","Quente","0","0","archive","9/9"
"2026-02-21","23.4","26.4","29.2","32.4","62.7","87.2","13.2","6.6","3.8","4","10.6","Chuva","Quente","1","0","archive","9/9"
"2026-02-22","22.6","24.2","25.2","28.2","73.0","87.3","17.1","6.6","1.9","4","7.7","Chuva","Ameno","1","0","archive","9/9"
"2026-02-23","21.0","23.0","24.0","26.2","84.2","85.7","13.3","11.2","4.7","4","12.0","Chuva","Ameno","1","0","archive","9/9"
"2026-02-24","23.3","24.7","26.9","31.1","73.0","91.6","11.1","17.4","14.4","2","18.3","Chuva forte","Ameno","1","1","archive","9/9"
"2026-02-25","23.6","25.8","27.9","32.3","73.4","87.2","9.4","7.6","4.8","3","24.8","Chuva","Ameno","1","0","archive","9/9"
"2026-02-26","21.7","22.6","24.0","25.5","84.1","96.1","21.0","6.8","5.7","1","9.6","Chuva","Ameno","1","0","archive","9/9"
"2026-02-27","20.4","21.5","22.7","23.3","76.1","98.4","15.4","1.0","0.3","0","2.3","Garoa","Ameno","0","0","archive","9/9"
"2026-02-28","20.0","21.9","23.0","25.1","63.6","54.1","13.0","0.4","0.2","0","0.4","Sol","Ameno","0","0","archive","9/9"
"2026-03-01","19.6","21.5","22.3","22.9","59.9","62.3","13.0","0.0","0.0","0","0.3","Sol","Ameno","0","0","archive","9/9"
"2026-03-02","19.4","22.2","24.0","26.1","63.6","71.6","12.5","0.2","0.1","0","0.2","Nublado","Ameno","0","0","archive","9/9"
"2026-03-03","20.3","23.6","26.3","28.9","60.8","49.3","12.4","0.2","0.1","0","0.2","Sol","Ameno","0","0","archive","9/9"
"2026-03-04","21.0","25.0","28.4","30.2","52.9","70.7","14.8","0.0","0.0","0","0.0","Nublado","Quente","0","0","archive","9/9"
"2026-03-05","21.6","26.2","30.0","33.0","55.6","58.0","11.9","1.7","0.8","2","1.8","Garoa","Quente","0","0","archive","9/9"
"2026-03-06","23.8","26.0","29.5","31.5","64.1","89.0","9.3","2.3","1.8","1","2.4","Garoa","Quente","0","0","archive","9/9"
"2026-03-07","21.7","24.7","27.3","31.9","76.8","79.9","12.0","17.9","4.8","5","32.2","Chuva forte","Ameno","1","1","archive","9/9"
"2026-03-08","22.6","24.3","27.1","30.1","74.9","75.3","13.0","6.6","3.3","2","6.7","Chuva","Ameno","1","0","archive","9/9"
"2026-03-09","20.0","21.4","22.5","24.8","85.7","96.7","13.5","6.9","2.2","6","7.7","Chuva","Ameno","1","0","archive","9/9"
"2026-03-10","19.7","20.5","21.1","23.7","88.9","100.0","7.5","11.0","2.1","8","17.2","Chuva","Ameno","1","0","archive","9/9"
"2026-03-11","19.5","21.1","22.4","24.7","87.1","100.0","8.8","7.2","1.5","6","15.8","Chuva","Ameno","1","0","archive","9/9"
"2026-03-12","19.7","21.1","22.0","23.4","86.0","100.0","16.0","8.5","2.0","6","27.8","Chuva","Ameno","1","0","archive","9/9"
"2026-03-13","21.2","23.0","24.8","28.3","74.2","66.2","10.2","1.0","0.2","0","4.5","Garoa","Ameno","0","0","archive","9/9"
"2026-03-14","18.4","24.5","27.2","30.0","61.8","26.0","8.5","0.0","0.0","0","0.0","Sol","Ameno","0","0","archive","9/9"
"2026-03-15","22.9","26.3","27.9","31.7","59.6","35.0","9.6","0.4","0.3","0","0.4","Sol","Ameno","0","0","archive","9/9"
"2026-03-16","23.8","28.6","31.0","33.3","45.2","45.9","13.8","0.0","0.0","0","0.0","Sol","Quente","0","0","archive","9/9"
"2026-03-17","23.4","28.4","31.3","33.2","46.4","92.3","16.1","0.2","0.2","0","0.2","Nublado","Quente","0","0","archive","9/9"
"2026-03-18","24.7","27.0","29.5","32.2","57.8","89.1","14.7","3.4","1.3","2","3.4","Garoa","Quente","0","0","archive","9/9"
"2026-03-19","22.7","24.3","26.1","28.1","70.4","87.9","9.6","4.6","1.4","3","5.1","Garoa","Ameno","0","0","archive","9/9"
"2026-03-20","22.2","24.4","25.8","29.1","66.6","21.1","12.2","0.3","0.1","0","0.3","Sol","Ameno","0","0","archive","9/9"
"2026-03-21","21.9","26.2","29.1","31.7","61.6","24.0","11.4","0.1","0.1","0","0.1","Sol","Quente","0","0","archive","9/9"
"2026-03-22","20.3","26.6","29.6","31.3","52.4","59.8","12.5","0.0","0.0","0","0.1","Sol","Quente","0","0","archive","9/9"
"2026-03-23","22.8","26.4","29.1","32.0","49.2","16.7","14.2","0.0","0.0","0","0.0","Sol","Quente","0","0","archive","9/9"
"2026-03-24","22.1","27.9","31.4","33.2","43.9","38.6","14.9","0.1","0.1","0","0.1","Sol","Quente","0","0","archive","9/9"
"2026-03-25","25.1","27.2","28.9","31.0","50.3","38.8","11.5","2.6","0.8","2","3.0","Garoa","Quente","0","0","archive","9/9"
"2026-03-26","23.8","27.1","29.6","32.8","57.2","50.0","11.1","2.7","1.0","2","2.8","Garoa","Quente","0","0","archive","9/9"
"2026-03-27","23.1","27.5","30.1","32.5","50.6","12.7","14.2","0.0","0.0","0","0.0","Sol","Quente","0","0","archive","9/9"
"2026-03-28","22.8","27.1","30.3","32.5","50.7","12.6","15.4","0.3","0.3","0","0.3","Sol","Quente","0","0","archive","9/9"
"2026-03-29","22.7","27.7","31.2","31.9","46.8","41.3","13.4","0.0","0.0","0","0.0","Sol","Quente","0","0","archive","9/9"
"2026-03-30","21.6","25.3","28.8","31.8","60.6","64.0","12.4","0.5","0.4","0","0.5","Sol","Quente","0","0","archive","9/9"
"2026-03-31","20.5","22.2","24.2","27.5","73.7","83.4","9.8","2.1","1.1","1","17.1","Garoa","Ameno","0","0","archive","9/9"
"2026-04-01","19.9","23.1","25.2","28.5","71.7","71.0","12.2","15.6","11.0","3","15.9","Chuva forte","Ameno","1","1","archive","9/9"
"2026-04-02","22.5","24.6","27.3","30.0","70.0","63.3","11.9","8.4","7.6","1","11.2","Chuva","Ameno","1","0","archive","9/9"
"2026-04-03","23.2","26.6","28.0","31.5","60.8","39.9","11.1","0.0","0.0","0","0.2","Sol","Quente","0","0","archive","9/9"
"2026-04-04","23.0","25.7","27.9","32.6","70.0","31.4","10.3","1.8","1.2","1","6.9","Garoa","Ameno","0","0","archive","9/9"
"2026-04-05","21.9","25.0","26.7","30.1","67.1","28.0","12.6","1.5","0.8","2","1.5","Garoa","Ameno","0","0","archive","9/9"
"2026-04-06","21.4","25.2","27.4","31.1","66.0","40.7","13.0","0.3","0.1","0","0.3","Sol","Ameno","0","0","archive","9/9"
"2026-04-07","22.7","25.1","27.8","31.2","70.1","94.7","9.5","7.1","5.8","2","7.5","Chuva","Ameno","1","0","archive","9/9"
"2026-04-08","23.1","23.8","25.1","26.5","70.9","92.0","16.5","1.3","0.5","1","4.8","Garoa","Ameno","0","0","archive","9/9"
"2026-04-09","21.6","23.4","25.5","28.9","75.6","57.3","14.5","2.6","0.7","2","10.7","Garoa","Ameno","0","0","archive","9/9"
"2026-04-10","18.7","20.0","21.7","22.6","74.9","89.7","11.0","1.5","0.6","1","1.5","Garoa","Ameno","0","0","archive","9/9"
"2026-04-11","19.6","22.4","24.4","25.3","60.4","36.9","14.6","0.0","0.0","0","0.0","Sol","Ameno","0","0","archive","9/9"
"2026-04-12","18.8","23.4","26.4","28.0","59.4","74.9","12.7","0.0","0.0","0","0.0","Nublado","Ameno","0","0","archive","9/9"
"2026-04-13","19.7","24.7","28.1","29.2","55.6","99.7","13.7","0.2","0.1","0","0.2","Nublado","Quente","0","0","archive","9/9"
"2026-04-14","20.7","24.4","27.1","27.9","51.8","14.4","13.7","0.0","0.0","0","0.0","Sol","Ameno","0","0","archive","9/9"
"2026-04-15","20.0","24.8","27.5","27.6","46.3","6.9","11.6","0.0","0.0","0","0.0","Sol","Ameno","0","0","archive","9/9"
"2026-04-16","19.7","25.6","28.3","29.5","47.2","65.2","12.1","0.0","0.0","0","0.0","Sol","Quente","0","0","archive","9/9"
"2026-04-17","22.6","27.8","29.6","30.1","37.3","9.3","9.4","0.0","0.0","0","0.0","Sol","Quente","0","0","archive","9/9"
"2026-04-18","24.4","26.1","28.3","28.0","53.2","42.1","14.0","0.7","0.6","1","1.1","Sol","Quente","0","0","archive","9/9"
"2026-04-19","21.3","25.9","28.3","29.0","43.6","4.0","13.3","0.0","0.0","0","0.0","Sol","Quente","0","0","archive","9/9"
"2026-04-20","19.4","23.9","26.5","26.8","47.2","31.2","11.0","0.0","0.0","0","0.0","Sol","Ameno","0","0","archive","9/9"
"2026-04-21","18.6","23.7","26.6","27.3","50.8","40.6","13.1","0.0","0.0","0","0.0","Sol","Ameno","0","0","archive","9/9"
"2026-04-22","19.8","24.5","27.4","28.7","51.2","39.8","12.6","0.0","0.0","0","0.0","Sol","Ameno","0","0","archive","9/9"
"2026-04-23","19.0","24.1","27.1","28.1","56.3","41.2","12.9","0.0","0.0","0","0.0","Sol","Ameno","0","0","archive","9/9"
"2026-04-24","20.3","26.4","29.3","30.1","44.2","48.8","7.8","0.0","0.0","0","0.0","Sol","Quente","0","0","archive","9/9"
"2026-04-25","23.9","27.7","29.0","28.8","42.6","14.7","16.7","0.0","0.0","0","0.0","Sol","Quente","0","0","archive","9/9"
"2026-04-26","24.7","28.7","30.2","30.1","41.9","9.6","17.2","0.0","0.0","0","0.0","Sol","Quente","0","0","archive","9/9"
"2026-04-27","21.7","25.3","27.5","28.2","61.1","97.6","15.0","7.4","4.7","2","10.9","Chuva","Ameno","1","0","archive","9/9"
"2026-04-28","21.9","24.0","26.9","30.6","73.7","81.1","10.1","7.6","5.6","3","9.3","Chuva","Ameno","1","0","archive","9/9"
"2026-04-29","20.4","24.5","28.9","31.5","72.0","96.7","10.3","7.4","4.4","3","25.2","Chuva","Quente","1","0","archive","9/9"
"2026-04-30","20.6","23.7","27.3","29.7","69.2","94.9","13.4","0.1","0.1","0","14.5","Nublado","Ameno","0","0","archive","9/9"
"2026-05-01","20.7","24.7","27.2","28.7","64.0","72.6","10.5","0.4","0.1","0","0.4","Nublado","Ameno","0","0","archive","9/9"
"2026-05-02","23.3","26.0","28.2","27.9","49.9","91.8","16.1","0.8","0.7","1","0.8","Nublado","Quente","0","0","archive","9/9"
"2026-05-03","16.9","17.9","18.5","18.1","77.7","99.9","15.3","1.2","0.9","1","2.0","Garoa","Frio","0","0","archive","9/9"
"2026-05-04","17.7","23.0","25.7","27.1","60.7","38.6","8.0","1.8","0.5","1","1.8","Garoa","Ameno","0","0","archive","9/9"
"2026-05-05","20.6","26.1","28.2","30.6","52.0","29.4","6.4","0.2","0.1","0","0.2","Sol","Quente","0","0","archive","9/9"
"2026-05-06","22.2","27.4","29.5","29.2","40.8","13.6","9.6","0.0","0.0","0","0.0","Sol","Quente","0","0","archive","9/9"
"2026-05-07","23.2","27.4","29.4","28.6","40.4","15.3","17.1","0.0","0.0","0","0.0","Sol","Quente","0","0","archive","9/9"
"2026-05-08","23.9","27.1","28.9","26.7","44.0","99.9","21.5","0.0","0.0","0","0.0","Nublado","Quente","0","0","archive","9/9"
"2026-05-09","22.5","26.4","28.1","26.6","46.0","99.9","16.5","0.0","0.0","0","0.0","Nublado","Quente","0","0","archive","9/9"
"2026-05-10","13.5","15.1","16.2","16.0","85.9","100.0","8.3","6.3","1.8","4","13.1","Chuva","Frio","1","0","archive","9/9"
"2026-05-11","11.7","15.9","17.9","17.5","58.2","2.6","3.1","0.0","0.0","0","0.0","Sol","Frio","0","0","archive","9/9"
"2026-05-12","12.1","17.3","20.3","19.3","59.2","13.8","8.6","0.0","0.0","0","0.0","Sol","Ameno","0","0","archive","9/9"
"2026-05-13","11.9","20.2","23.6","23.7","55.9","83.8","4.9","0.0","0.0","0","0.0","Nublado","Ameno","0","0","archive","9/9"
"2026-05-14","15.4","22.2","25.1","25.3","55.3","85.0","10.5","0.0","0.0","0","0.0","Nublado","Ameno","0","0","archive","9/9"
"2026-05-15","17.2","18.3","19.1","20.0","82.8","99.9","6.7","6.9","2.1","6","8.9","Chuva","Ameno","1","0","archive","9/9"
"2026-05-16","16.2","22.1","25.2","26.3","69.9","43.7","7.7","0.3","0.3","0","7.6","Sol","Ameno","0","0","archive","9/9"
"2026-05-17","18.1","20.8","22.7","24.5","78.7","99.7","10.6","4.9","3.4","2","11.2","Garoa","Ameno","0","0","archive","9/9"
"2026-05-18","18.3","19.2","20.2","21.2","83.1","99.9","8.3","2.3","0.7","2","4.3","Garoa","Ameno","0","0","archive","9/9"
"2026-05-19","16.6","17.9","19.0","20.2","83.6","99.9","7.8","2.6","1.5","2","3.2","Garoa","Frio","0","0","archive","9/9"
"2026-05-20","17.3","19.4","20.7","21.4","76.3","90.2","8.2","0.7","0.2","0","5.8","Nublado","Ameno","0","0","archive","9/9"
"2026-05-21","14.7","16.1","17.1","16.5","82.7","100.0","12.1","1.4","0.4","0","1.8","Garoa","Frio","0","0","archive","9/9"
"2026-05-22","14.7","15.5","16.1","15.7","85.1","100.0","10.6","0.6","0.3","0","0.7","Nublado","Frio","0","0","archive","9/9"
"2026-05-23","15.6","18.5","20.5","22.1","84.0","83.1","8.6","11.6","7.7","4","21.1","Chuva","Ameno","1","0","archive","9/9"
"2026-05-24","18.2","20.8","23.5","25.0","80.3","80.1","11.4","3.9","1.6","3","13.0","Garoa","Ameno","0","0","archive","9/9"
"2026-05-25","17.0","20.7","23.0","24.9","74.0","73.9","9.7","0.6","0.2","0","0.7","Nublado","Ameno","0","0","archive","9/9"
"2026-05-26","18.1","22.9","25.9","26.4","69.7","62.2","11.1","1.8","1.6","1","1.8","Garoa","Ameno","0","0","archive","9/9"
"2026-05-27","17.6","20.2","22.7","24.2","80.7","81.7","10.7","2.0","0.8","2","2.0","Garoa","Ameno","0","0","archive","9/9"
"2026-05-28","14.1","17.8","20.1","19.5","68.8","35.1","10.5","0.0","0.0","0","0.0","Sol","Ameno","0","0","archive","9/9"
"2026-05-29","15.6","18.3","20.4","19.8","69.4","53.7","11.9","0.1","0.1","0","0.1","Sol","Ameno","0","0","archive","9/9"
"2026-05-30","16.2","19.6","21.8","22.9","74.1","96.6","5.3","0.0","0.0","0","0.2","Nublado","Ameno","0","0","archive","9/9"
"2026-05-31","16.7","19.1","20.7","21.0","68.1","87.9","8.8","0.1","0.1","0","0.2","Nublado","Ameno","0","0","archive","9/9"
"2026-06-01","14.4","17.7","20.2","20.5","71.6","60.7","10.6","0.0","0.0","0","0.0","Sol","Ameno","0","0","archive","9/9"
"2026-06-02","15.2","18.2","20.0","18.8","64.6","55.7","11.9","0.0","0.0","0","0.0","Sol","Ameno","0","0","archive","9/9"
"2026-06-03","16.7","19.5","21.9","21.0","64.2","57.4","12.0","0.1","0.1","0","0.1","Sol","Ameno","0","0","archive","9/9"
"2026-06-04","15.8","19.7","22.6","21.8","63.7","51.4","12.5","0.2","0.2","0","0.2","Sol","Ameno","0","0","archive","9/9"
"2026-06-05","14.8","18.9","21.2","20.5","58.3","44.2","13.5","0.0","0.0","0","0.0","Sol","Ameno","0","0","archive","9/9"
"2026-06-06","14.0","19.5","22.3","20.8","51.3","5.1","9.9","0.0","0.0","0","0.0","Sol","Ameno","0","0","archive","9/9"
"2026-06-07","15.0","20.1","22.2","21.3","47.1","43.4","4.9","0.0","0.0","0","0.0","Sol","Ameno","0","0","archive","9/9"
"2026-06-08","12.7","20.7","23.9","21.7","46.0","2.6","9.3","0.0","0.0","0","0.0","Sol","Ameno","0","0","archive","9/9"
"2026-06-09","16.6","21.4","23.3","20.9","43.2","74.6","12.9","0.0","0.0","0","0.0","Nublado","Ameno","0","0","archive","9/9"
"2026-06-10","16.5","21.4","24.1","23.4","49.6","80.4","12.2","0.0","0.0","0","3.8","Nublado","Ameno","0","0","archive","9/9"
"2026-06-11","16.3","18.0","18.9","19.5","80.8","81.4","11.5","0.8","0.2","0","8.1","Nublado","Frio","0","0","archive","9/9"
"2026-06-12","16.0","18.6","20.2","19.8","80.9","84.2","21.7","2.8","1.9","1","2.8","Garoa","Ameno","0","0","archive","9/9"
"2026-06-13","17.7","20.1","21.9","21.3","73.6","45.3","15.8","0.4","0.2","0","2.0","Sol","Ameno","0","0","archive","9/9"
"2026-06-14","18.6","20.6","21.8","21.6","73.6","95.0","13.3","0.7","0.1","0","2.8","Nublado","Ameno","0","0","archive","9/9"
"2026-06-15","15.2","16.1","16.8","17.0","88.8","100.0","9.2","1.8","0.6","1","19.3","Garoa","Frio","0","0","archive","9/9"
"2026-06-16","15.3","16.4","17.5","17.7","82.9","77.6","7.8","0.4","0.1","0","0.5","Nublado","Frio","0","0","archive","9/9"
"2026-06-17","12.8","16.6","18.8","18.0","63.8","26.8","2.6","0.0","0.0","0","0.0","Sol","Frio","0","0","archive","9/9"
"2026-06-18","13.2","16.3","18.1","16.3","59.4","44.0","11.2","0.0","0.0","0","0.0","Sol","Frio","0","0","archive","9/9"
"2026-06-19","11.8","19.9","23.4","22.1","60.4","45.9","12.8","0.0","0.0","0","0.0","Sol","Ameno","0","0","archive","9/9"
"2026-06-20","17.9","21.3","22.7","22.2","62.4","91.2","14.9","0.6","0.3","0","7.0","Nublado","Ameno","0","0","archive","9/9"
"2026-06-21","13.8","17.6","19.8","19.7","65.7","8.8","6.2","0.0","0.0","0","0.0","Sol","Ameno","0","0","archive","9/9"
"2026-06-22","16.4","22.7","25.4","23.9","49.6","7.8","14.8","0.0","0.0","0","0.0","Sol","Ameno","0","0","archive","9/9"
"2026-06-23","17.7","19.1","20.7","21.6","84.4","99.4","11.5","3.5","1.2","3","25.6","Garoa","Ameno","0","0","archive","9/9"
"2026-06-24","12.8","13.9","15.0","14.7","87.7","100.0","7.9","5.1","1.6","4","18.9","Chuva","Frio","1","0","archive","9/9"
"2026-06-25","11.6","12.3","12.8","11.6","90.6","100.0","10.7","2.4","1.4","2","3.7","Garoa","Frio","0","0","archive","9/9"
"2026-06-26","14.2","17.5","19.1","20.3","84.1","73.1","5.2","0.1","0.1","0","0.1","Nublado","Ameno","0","0","archive","9/9"
"2026-06-27","15.6","20.9","23.7","26.0","77.3","32.3","4.4","0.0","0.0","0","0.0","Sol","Ameno","0","0","archive","9/9"
"2026-06-28","16.4","22.7","25.3","25.4","62.6","6.7","10.7","0.0","0.0","0","0.0","Sol","Ameno","0","0","archive","9/9"
"2026-06-29","19.9","23.7","25.3","25.6","58.8","21.9","8.8","0.4","0.1","0","0.4","Sol","Ameno","0","0","archive","9/9"
"2026-06-30","18.4","23.8","25.8","25.5","55.9","28.3","12.3","0.0","0.0","0","0.0","Sol","Ameno","0","0","archive","9/9"
"2026-07-01","20.2","24.4","26.3","26.2","53.8","0.2","10.4","0.0","0.0","0","0.0","Sol","Ameno","0","0","archive","9/9"
"2026-07-02","18.6","23.7","25.6","25.5","54.3","0.1","10.3","0.0","0.0","0","0.0","Sol","Ameno","0","0","archive","9/9"
"2026-07-03","16.7","21.9","24.9","25.0","61.3","34.0","11.8","0.0","0.0","0","0.1","Sol","Ameno","0","0","archive","9/9"
"2026-07-04","15.1","16.5","18.0","18.6","82.2","99.7","10.0","0.1","0.1","0","0.2","Nublado","Frio","0","0","archive","9/9"
"2026-07-05","13.5","16.7","19.7","19.8","76.3","71.1","9.6","0.0","0.0","0","0.0","Nublado","Ameno","0","0","archive","9/9"
"2026-07-06","13.8","19.8","23.3","23.5","64.0","39.6","12.3","0.0","0.0","0","0.0","Sol","Ameno","0","0","archive","9/9"
"2026-07-07","15.9","17.8","18.8","18.6","75.7","83.7","11.3","0.7","0.2","0","0.7","Nublado","Frio","0","0","archive","9/9"
"2026-07-08","14.5","18.8","21.2","20.2","57.1","43.1","4.9","0.0","0.0","0","0.0","Sol","Ameno","0","0","archive","9/9"
"2026-07-09","13.2","19.5","22.3","22.1","56.6","0.0","4.0","0.0","0.0","0","0.0","Sol","Ameno","0","0","archive","9/9"
"2026-07-10","17.0","22.9","25.4","23.2","39.8","2.2","11.4","0.0","0.0","0","0.0","Sol","Ameno","0","0","archive","9/9"
"2026-07-11","17.1","24.5","27.3","24.5","40.0","16.8","17.0","0.0","0.0","0","0.3","Sol","Ameno","0","0","archive","9/9"
"2026-07-12","16.4","19.7","21.7","20.7","70.9","86.3","18.7","1.4","0.8","1","9.7","Garoa","Ameno","0","0","archive","9/9"
"2026-07-13","12.8","15.3","17.1","14.9","63.7","61.2","11.7","0.2","0.1","0","0.6","Sol","Frio","0","0","archive","9/9"
"2026-07-14","12.2","15.8","17.9","16.0","65.6","86.6","13.8","0.4","0.2","0","0.4","Nublado","Frio","0","0","archive","9/9"
"2026-07-15","11.2","17.9","21.5","20.1","55.4","19.6","7.9","0.0","0.0","0","0.0","Sol","Ameno","0","0","archive","9/9"
"2026-07-16","12.8","21.5","24.9","23.4","44.3","0.4","8.0","0.0","0.0","0","0.0","Sol","Ameno","0","0","archive","9/9"
"2026-07-17","16.2","22.0","24.8","22.3","37.6","0.0","11.5","0.0","0.0","0","0.0","Sol","Ameno","0","0","archive","9/9"
"2026-07-18","17.0","22.1","24.3","21.3","39.8","0.0","17.9","0.0","0.0","0","0.0","Sol","Ameno","0","0","archive","9/9"
"2026-07-19","18.7","23.6","25.8","23.2","37.0","0.0","19.5","0.0","0.0","0","0.0","Sol","Ameno","0","0","archive","9/9"
"2026-07-20","20.0","24.9","27.0","24.5","35.1","11.7","17.4","0.0","0.0","0","0.0","Sol","Ameno","0","0","archive","9/9"
"2026-07-21","20.9","25.7","27.8","25.7","34.8","15.2","13.4","0.0","0.0","0","0.0","Sol","Ameno","0","0","archive","9/9"
"2026-07-22","20.5","25.3","27.3","25.9","35.3","66.0","11.7","0.0","0.0","0","0.0","Sol","Ameno","0","0","archive","9/9"
"2026-07-23","18.2","20.9","22.7","22.7","64.6","78.0","11.5","0.3","0.2","0","1.5","Nublado","Ameno","0","0","archive","9/9"
"2026-07-24","15.0","16.6","17.6","18.2","79.9","100.0","8.8","3.3","1.4","3","6.0","Garoa","Frio","0","0","archive","9/9"
"2026-07-25","14.5","17.9","19.2","19.2","77.8","93.4","10.0","0.1","0.1","0","0.8","Nublado","Ameno","0","0","archive","9/9"
"2026-07-26","14.5","19.8","23.0","23.8","67.0","27.3","6.1","0.0","0.0","0","0.0","Sol","Ameno","0","0","archive","9/9"
"2026-07-27","14.9","23.4","26.6","27.3","54.7","4.7","2.9","0.0","0.0","0","0.0","Sol","Ameno","0","0","archive","9/9"
"2026-07-28","20.4","25.4","27.7","26.6","42.6","0.0","12.7","0.0","0.0","0","0.0","Sol","Ameno","0","0","archive","9/9"
"2026-07-29","18.9","24.6","29.7","27.9","46.6","31.9","18.3","0.0","0.0","0","2.1","Sol","Quente","0","0","archive","9/9"
"2026-07-30","15.8","18.4","20.4","20.0","69.7","99.8","10.7","0.0","0.0","0","0.0","Nublado","Ameno","0","0","archive","9/9"
"2026-07-31","16.1","21.3","24.6","23.7","54.9","7.7","13.5","0.0","0.0","0","0.0","Sol","Ameno","0","0","archive","9/9"
"2026-08-01","16.7","23.8","26.7","26.2","42.7","0.3","9.7","0.0","0.0","0","0.0","Sol","Ameno","0","0","archive","9/9"
"2026-08-02","19.6","25.5","27.6","27.7","37.7","42.7","10.0","0.0","0.0","0","0.0","Sol","Ameno","0","0","archive","9/9"
"2026-08-03","18.6","24.4","26.4","25.8","36.0","96.3","3.7","0.0","0.0","0","0.0","Nublado","Ameno","0","0","archive","9/9"
"2026-08-04","19.2","24.4","26.3","25.4","39.6","94.0","8.6","0.0","0.0","0","0.0","Nublado","Ameno","0","0","archive","9/9"
"2026-08-05","20.4","26.3","28.6","27.0","33.8","13.0","14.0","0.0","0.0","0","1.6","Sol","Quente","0","0","archive","9/9"
"2026-08-06","21.8","26.0","28.4","26.5","39.8","38.9","20.7","0.3","0.3","0","2.0","Sol","Quente","0","0","archive","9/9"
"2026-08-07","19.1","21.5","24.6","23.5","66.4","68.9","22.8","1.8","1.0","1","5.6","Garoa","Ameno","0","0","archive","9/9"
"2026-08-08","19.0","24.6","27.1","27.1","63.7","31.0","18.8","1.6","0.9","2","2.8","Garoa","Ameno","0","0","archive","9/9"
"2026-08-09","17.0","21.1","24.2","26.5","79.7","62.3","14.6","0.9","0.7","1","9.9","Sol","Ameno","0","0","archive","9/9"
"2026-08-10","14.6","16.7","18.1","17.3","80.4","99.3","16.4","1.2","0.2","0","1.5","Garoa","Frio","0","0","archive","9/9"
"2026-08-11","13.9","15.6","17.1","16.3","80.8","100.0","12.7","0.3","0.1","0","0.3","Nublado","Frio","0","0","archive","9/9"
"2026-08-12","15.8","20.5","23.2","25.2","74.9","87.4","7.8","0.0","0.0","0","0.0","Nublado","Ameno","0","0","archive","9/9"
"2026-08-13","22.3","26.5","28.1","28.0","52.0","56.7","14.5","0.4","0.2","0","2.4","Sol","Quente","0","0","archive","9/9"
"2026-08-14","18.2","22.8","25.2","26.4","66.8","68.8","9.4","0.4","0.2","0","0.8","Sol","Ameno","0","0","archive","9/9"
"2026-08-15","17.9","20.5","22.3","24.2","79.7","66.6","9.9","5.6","1.5","4","7.6","Chuva","Ameno","1","0","archive","9/9"
"2026-08-16","17.3","23.1","26.4","27.7","64.6","70.3","9.3","0.0","0.0","0","0.0","Nublado","Ameno","0","0","archive","9/9"
"2026-08-17","17.4","24.6","28.2","31.3","66.0","28.3","6.4","0.0","0.0","0","0.0","Sol","Quente","0","0","archive","9/9"
"2026-08-18","21.4","26.9","29.3","30.6","46.9","0.0","7.5","0.0","0.0","0","0.0","Sol","Quente","0","0","archive","9/9"
"2026-08-19","21.3","27.8","30.3","31.1","39.6","0.4","10.2","0.0","0.0","0","0.0","Sol","Quente","0","0","archive","9/9"
"2026-08-20","21.7","29.2","32.0","29.8","30.6","1.8","16.0","0.0","0.0","0","0.0","Sol","Quente","0","0","archive","9/9"
"2026-08-21","21.6","23.9","25.5","24.7","43.8","51.6","14.1","0.0","0.0","0","0.0","Sol","Ameno","0","0","archive","9/9"
"2026-08-22","16.5","20.1","22.9","22.8","50.6","17.4","12.3","0.0","0.0","0","0.0","Sol","Ameno","0","0","archive","9/9"
"2026-08-23","16.1","20.5","23.9","23.4","51.7","13.4","16.3","0.0","0.0","0","0.0","Sol","Ameno","0","0","archive","9/9"
"2026-08-24","15.0","17.4","19.4","18.6","71.3","98.3","13.4","0.3","0.1","0","0.4","Nublado","Ameno","0","0","archive","9/9"
"2026-08-25","15.6","18.7","20.8","21.6","70.6","99.8","8.6","0.2","0.2","0","0.4","Nublado","Ameno","0","0","archive","9/9"
"2026-08-26","17.2","21.6","23.8","23.6","62.2","99.9","10.6","0.5","0.3","0","0.6","Nublado","Ameno","0","0","archive","9/9"
"2026-08-27","19.6","24.8","27.2","28.7","52.3","15.8","8.9","0.0","0.0","0","0.9","Sol","Ameno","0","0","archive","9/9"
"2026-08-28","22.7","28.5","31.0","31.4","40.7","42.6","12.0","0.0","0.0","0","0.0","Sol","Quente","0","0","archive","9/9"
"2026-08-29","27.3","30.3","31.5","31.4","39.1","66.3","18.2","0.7","0.6","1","0.7","Sol","Quente","0","0","archive","9/9"
"2026-08-30","21.2","25.1","28.5","32.3","70.7","44.8","10.9","12.0","3.9","5","16.7","Chuva","Quente","1","0","archive","9/9"
"2026-08-31","21.2","23.9","26.5","30.1","75.6","71.4","10.3","4.9","4.1","1","7.2","Garoa","Ameno","0","0","archive","9/9"
"2026-09-01","17.4","18.7","20.1","20.6","87.7","99.1","19.2","12.3","3.4","4","29.8","Chuva","Ameno","1","0","archive","9/9"
"2026-09-02","16.4","19.1","21.2","21.9","65.1","55.8","12.0","0.2","0.1","0","0.6","Sol","Ameno","0","0","archive","9/9"
"2026-09-03","16.1","23.0","26.2","26.1","54.2","0.4","12.5","0.0","0.0","0","0.0","Sol","Ameno","0","0","archive","9/9"
"2026-09-04","21.2","26.1","28.3","28.1","42.9","27.2","9.6","0.0","0.0","0","0.3","Sol","Quente","0","0","archive","9/9"
"2026-09-05","18.2","19.7","22.3","24.8","82.8","84.2","9.9","13.2","6.3","6","16.8","Chuva","Ameno","1","0","archive","9/9"
"2026-09-06","12.3","13.0","13.6","12.2","83.1","100.0","15.3","2.4","1.0","1","8.2","Garoa","Frio","0","0","archive","9/9"
"2026-09-07","12.3","13.6","14.5","12.9","78.4","100.0","12.0","0.7","0.4","0","2.6","Nublado","Frio","0","0","archive","9/9"
"2026-09-08","14.5","18.5","20.5","22.1","76.6","81.9","6.7","0.6","0.4","0","6.1","Nublado","Ameno","0","0","archive","9/9"
"2026-09-09","17.9","21.5","23.9","26.1","78.9","77.4","14.3","2.6","1.0","2","3.3","Garoa","Ameno","0","0","archive","9/9"
"2026-09-10","17.7","19.8","21.2","23.8","89.2","99.9","7.2","6.5","1.9","6","18.0","Chuva","Ameno","1","0","archive","9/9"
"2026-09-11","19.7","24.6","26.8","27.3","67.9","33.8","23.7","0.3","0.1","0","17.1","Sol","Ameno","0","0","archive","9/9"
"2026-09-12","17.5","19.2","20.5","21.9","88.2","99.1","12.1","10.1","4.4","5","37.2","Chuva","Ameno","1","0","archive","9/9"
"2026-09-13","15.3","16.0","16.5","16.0","87.1","100.0","11.5","2.8","0.9","2","13.5","Garoa","Frio","0","0","archive","9/9"
"2026-09-14","14.7","16.0","17.2","17.3","85.0","100.0","13.2","7.9","2.4","4","25.7","Chuva","Frio","1","0","archive","9/9"
"2026-09-15","14.6","18.1","20.6","20.8","76.3","91.8","7.8","3.7","3.0","1","8.5","Garoa","Ameno","0","0","archive","9/9"
"2026-09-16","15.5","17.3","19.5","19.1","69.1","92.9","13.5","0.5","0.2","0","0.9","Nublado","Ameno","0","0","archive","9/9"
"2026-09-17","15.0","16.4","17.9","17.4","81.3","100.0","12.7","0.4","0.1","0","0.4","Nublado","Frio","0","0","archive","9/9"
"2026-09-18","16.4","19.5","22.0","23.3","75.9","87.6","11.5","0.0","0.0","0","0.0","Nublado","Ameno","0","0","archive","9/9"
"2026-09-19","17.9","23.3","26.7","29.1","65.3","81.2","10.8","0.5","0.5","1","1.2","Nublado","Ameno","0","0","archive","9/9"
"2026-09-20","18.8","20.7","23.6","23.8","82.7","98.7","17.3","5.2","1.5","4","14.4","Chuva","Ameno","1","0","archive","9/9"
"2026-09-21","23.7","26.8","28.7","29.7","55.3","34.0","21.7","0.0","0.0","0","2.5","Sol","Quente","0","0","archive","9/9"
"2026-09-22","19.0","20.1","22.0","21.7","79.0","99.9","16.6","1.7","0.5","1","15.7","Garoa","Ameno","0","0","archive","9/9"
"2026-09-23","13.5","14.7","15.8","14.8","83.4","98.7","12.1","4.8","2.2","4","6.5","Garoa","Frio","0","0","archive","9/9"
"2026-09-24","15.8","18.9","20.5","21.3","73.8","99.6","8.2","0.0","0.0","0","0.0","Nublado","Ameno","0","0","archive","9/9"
"2026-09-25","18.1","23.2","25.5","29.4","71.6","30.8","8.0","0.5","0.5","1","0.5","Sol","Ameno","0","0","archive","9/9"
"2026-09-26","19.9","27.4","30.4","33.4","56.6","14.3","7.6","0.0","0.0","0","0.0","Sol","Quente","0","0","archive","9/9"
"2026-09-27","20.8","24.5","28.4","32.4","66.4","28.0","14.1","0.0","0.0","0","0.0","Sol","Quente","0","0","archive","9/9"
"2026-09-28","20.9","25.1","30.2","34.7","68.6","58.8","15.4","0.0","0.0","0","0.0","Sol","Quente","0","0","forecast","9/9"
"2026-09-29","24.3","30.1","32.6","34.2","47.0","65.9","14.3","0.1","0.1","0","0.7","Sol","Quente","0","0","forecast","9/9"
"2026-09-30","24.8","29.1","31.5","32.9","47.3","58.7","17.4","0.3","0.2","0","0.4","Sol","Quente","0","0","forecast","9/9"
"2026-10-01","21.0","23.5","25.1","26.8","72.0","97.8","13.5","4.6","1.3","4","6.0","Garoa","Ameno","0","0","forecast","9/9"
"2026-10-02","16.3","17.5","18.6","18.8","83.2","100.0","11.5","1.2","0.4","0","1.9","Garoa","Frio","0","0","forecast","9/9"
"2026-10-03","18.0","21.7","24.0","26.7","69.6","79.0","11.9","2.7","1.2","2","2.9","Garoa","Ameno","0","0","forecast","9/9"
"2026-10-04","20.2","23.1","26.4","28.0","75.2","78.4","19.0","10.5","4.4","5","10.5","Tempestade","Ameno","1","0","forecast","9/9"
"2026-10-05","17.5","19.4","21.1","22.6","85.6","100.0","10.8","0.1","0.1","0","0.8","Nublado","Ameno","0","0","forecast","9/9"
"2026-10-06","19.9","22.3","24.9","27.4","83.8","98.9","15.8","10.6","3.1","6","28.6","Tempestade","Ameno","1","0","forecast","9/9"
"2026-10-07","20.1","23.3","25.6","28.5","72.9","66.4","11.9","0.6","0.1","0","7.7","Sol","Ameno","0","0","forecast","9/9"
"2026-10-08","21.2","26.9","29.5","33.7","59.6","55.1","7.1","0.0","0.0","0","0.0","Sol","Quente","0","0","forecast","9/9"
"2026-10-09","24.5","28.7","31.3","36.1","55.8","53.3","6.6","1.3","0.5","2","3.3","Garoa","Quente","0","0","forecast","9/9"
"2026-10-10","24.6","25.9","26.6","30.9","69.0","66.4","7.0","1.2","0.2","0","1.2","Garoa","Ameno","0","0","forecast","9/9"
"2026-10-11","21.9","23.3","24.2","26.0","81.0","91.4","13.6","1.5","0.2","0","2.4","Garoa","Ameno","0","0","forecast","9/9"
"2026-10-12","23.4","25.6","26.9","31.9","67.1","70.2","2.5","5.6","1.0","8","9.8","Tempestade","Ameno","1","0","forecast","9/9"
"2026-10-13","24.0","25.1","25.7","28.6","72.1","77.6","10.4","9.0","1.4","6","10.8","Tempestade","Ameno","1","0","forecast","9/9"
"2026-10-14","21.4","23.4","25.0","27.1","77.2","97.8","14.3","3.4","0.5","2","6.2","Garoa","Ameno","0","0","forecast","9/9"
"2026-10-15","20.3","20.9","21.4","22.7","83.4","100.0","10.8","0.6","0.1","0","1.4","Nublado","Ameno","0","0","forecast","9/9"
"2026-10-16","19.2","20.7","21.6","22.7","87.3","100.0","14.9","6.7","1.0","7","9.8","Chuva","Ameno","1","0","forecast","9/9"
"2026-10-17","18.6","19.9","20.7","21.7","88.7","99.1","13.0","7.5","1.1","7","13.4","Chuva","Ameno","1","0","forecast","9/9"
"2026-10-18","22.4","23.4","23.9","27.0","80.6","80.3","10.5","7.4","1.0","8","13.8","Chuva","Ameno","1","0","forecast","9/9"
"2026-10-19","16.3","17.3","17.8","18.1","84.0","97.4","12.1","1.1","0.2","0","2.6","Garoa","Frio","0","0","forecast","9/9"
