"data","dia_semana","nome","esfera","fonte","base_legal"
"2026-01-01","Quinta-feira","Confraternização mundial","Nacional","brasilapi",""
"2026-01-25","Domingo","Aniversário da Cidade de São Paulo","Municipal","lei_sp","Lei Municipal 14.485/2007"
"2026-02-16","Segunda-feira","Carnaval","Nacional","brasilapi",""
"2026-02-17","Terça-feira","Carnaval","Nacional","brasilapi",""
"2026-04-03","Sexta-feira","Sexta-feira Santa","Nacional","brasilapi",""
"2026-04-05","Domingo","Páscoa","Nacional","brasilapi",""
"2026-04-21","Terça-feira","Tiradentes","Nacional","brasilapi",""
"2026-05-01","Sexta-feira","Dia do trabalho","Nacional","brasilapi",""
"2026-06-04","Quinta-feira","Corpus Christi","Municipal","lei_sp","Lei Municipal 14.485/2007"
"2026-07-09","Quinta-feira","Revolução Constitucionalista de 1932","Estadual","lei_sp","Lei Estadual 9.497/1997"
"2026-09-07","Segunda-feira","Independência do Brasil","Nacional","brasilapi",""
"2026-10-12","Segunda-feira","Nossa Senhora Aparecida","Nacional","brasilapi",""
"2026-11-02","Segunda-feira","Finados","Nacional","brasilapi",""
"2026-11-15","Domingo","Proclamação da República","Nacional","brasilapi",""
"2026-11-20","Sexta-feira","Dia da consciência negra","Nacional","brasilapi",""
"2026-12-25","Sexta-feira","Natal","Nacional","brasilapi",""
"2027-01-01","Sexta-feira","Confraternização mundial","Nacional","brasilapi",""
"2027-01-25","Segunda-feira","Aniversário da Cidade de São Paulo","Municipal","lei_sp","Lei Municipal 14.485/2007"
"2027-02-08","Segunda-feira","Carnaval","Nacional","brasilapi",""
"2027-02-09","Terça-feira","Carnaval","Nacional","brasilapi",""
"2027-03-26","Sexta-feira","Sexta-feira Santa","Nacional","brasilapi",""
"2027-03-28","Domingo","Páscoa","Nacional","brasilapi",""
"2027-04-21","Quarta-feira","Tiradentes","Nacional","brasilapi",""
"2027-05-01","Sábado","Dia do trabalho","Nacional","brasilapi",""
"2027-05-27","Quinta-feira","Corpus Christi","Municipal","lei_sp","Lei Municipal 14.485/2007"
"2027-07-09","Sexta-feira","Revolução Constitucionalista de 1932","Estadual","lei_sp","Lei Estadual 9.497/1997"
"2027-09-07","Terça-feira","Independência do Brasil","Nacional","brasilapi",""
"2027-10-12","Terça-feira","Nossa Senhora Aparecida","Nacional","brasilapi",""
"2027-11-02","Terça-feira","Finados","Nacional","brasilapi",""
"2027-11-15","Segunda-feira","Proclamação da República","Nacional","brasilapi",""
"2027-11-20","Sábado","Dia da consciência negra","Nacional","brasilapi",""
"2027-12-25","Sábado","Natal","Nacional","brasilapi",""
